,mean_fit_time,std_fit_time,mean_score_time,std_score_time,param_ridge__alpha,param_ridge__max_iter,param_ridge__solver,params,split0_test_score,split1_test_score,split2_test_score,split3_test_score,mean_test_score,std_test_score,rank_test_score,split0_train_score,split1_train_score,split2_train_score,split3_train_score,mean_train_score,std_train_score
0,0.19203680753707886,0.02428647994851537,0.00618356466293335,0.0033538052983775658,1.0,100000,saga,"{'ridge__alpha': 1.0, 'ridge__max_iter': 100000, 'ridge__solver': 'saga'}",-6.4943865664078,-5.45056924727806,-5.668820182991627,-35.74855649500535,-13.34058312292071,12.943105727555949,7,-13.698447635345994,-14.052485835528014,-13.917870104777727,-4.497648455182709,-11.541613007708612,4.068797499786339
1,0.16409331560134888,0.03794227658818891,0.006125271320343018,0.0023678005889420928,2.154434690031884,100000,saga,"{'ridge__alpha': 2.154434690031884, 'ridge__max_iter': 100000, 'ridge__solver': 'saga'}",-6.4120003144004025,-5.355813586762795,-5.627603700074843,-35.65750152798227,-13.263229782305078,12.935153350446605,5,-13.775959230616088,-14.116334844725811,-13.991720323775489,-4.565812256131127,-11.612456663812129,4.070203995911848
2,0.09203249216079712,0.022198778965376205,0.0022071003913879395,4.3576295011115374e-05,4.641588833612778,100000,saga,"{'ridge__alpha': 4.641588833612778, 'ridge__max_iter': 100000, 'ridge__solver': 'saga'}",-6.312734658086911,-5.233814180404612,-5.583785338547923,-35.5977201666422,-13.18201358592041,12.947565802018563,3,-13.890953173410532,-14.234657446639803,-14.106159329621894,-4.6848501142873635,-11.729155015989898,4.06888482137905
3,0.05745953321456909,0.019230433752787723,0.0057408809661865234,0.002351467904650875,10.0,100000,saga,"{'ridge__alpha': 10.0, 'ridge__max_iter': 100000, 'ridge__solver': 'saga'}",-6.187647964449264,-5.1156373483011555,-5.561727071668172,-35.638096879785444,-13.125777316051009,13.003070497403195,1,-14.071182365486859,-14.439802916243885,-14.296281824738346,-4.853238058727667,-11.91512629129919,4.079299478444299
4,0.03214007616043091,0.007096887765936164,0.0046697258949279785,0.0025900892468323534,21.544346900318832,100000,saga,"{'ridge__alpha': 21.544346900318832, 'ridge__max_iter': 100000, 'ridge__solver': 'saga'}",-6.064151301389062,-5.048126023100612,-5.591678864237567,-35.80743396822637,-13.127847539238402,13.098999801577847,2,-14.35424797591561,-14.73386419010592,-14.571560293249792,-5.056312315180154,-12.178996193612868,4.11448840680322
5,0.019222259521484375,0.006888263449351733,0.0023934245109558105,0.0005357057866764614,46.41588833612777,100000,saga,"{'ridge__alpha': 46.41588833612777, 'ridge__max_iter': 100000, 'ridge__solver': 'saga'}",-5.999598710376168,-5.060551546445799,-5.698646159417053,-36.05501125462326,-13.203451917715569,13.19771003893595,4,-14.7386839199086,-15.107809074948365,-14.92284795811712,-5.269274566279829,-12.509653879813479,4.182271619618298
6,0.013584315776824951,0.002152024552260842,0.0030281543731689453,0.0018532360579866288,100.0,100000,saga,"{'ridge__alpha': 100.0, 'ridge__max_iter': 100000, 'ridge__solver': 'saga'}",-6.025454962858499,-5.1513688114872895,-5.872622463105532,-36.28874356451744,-13.33454745049219,13.256721779810109,6,-15.16459596445102,-15.50327868724795,-15.293826134076735,-5.477192412518742,-12.859723299573611,4.264019289246251
7,0.015180826187133789,0.003566702120381411,0.0020418167114257812,9.252745226781859e-05,215.44346900318823,100000,saga,"{'ridge__alpha': 215.44346900318823, 'ridge__max_iter': 100000, 'ridge__solver': 'saga'}",-6.123250965154154,-5.293778203077414,-6.071260116202676,-36.463492185851116,-13.48794536757134,13.269005905469152,8,-15.548794833240446,-15.859883785688119,-15.62282325036908,-5.6816643178872726,-13.17829154679623,4.3297048925336705
8,0.01182466745376587,0.0033638841540630056,0.0020421743392944336,0.00013819585937882657,464.15888336127773,100000,saga,"{'ridge__alpha': 464.15888336127773, 'ridge__max_iter': 100000, 'ridge__solver': 'saga'}",-6.257272477097517,-5.456333143015056,-6.255435720005964,-36.601839878899455,-13.642720304754498,13.259476983773578,9,-15.856381988261875,-16.14637580226291,-15.888883564372621,-5.883219872291263,-13.443715306797166,4.3664995503446535
9,0.010766804218292236,0.0030831420690250557,0.0022017955780029297,7.876315724425801e-05,1000.0,100000,saga,"{'ridge__alpha': 1000.0, 'ridge__max_iter': 100000, 'ridge__solver': 'saga'}",-6.396523886046311,-5.614847030060544,-6.409612274520453,-36.73160595300097,-13.788147285907069,13.25032082706391,10,-16.089861781059998,-16.365057306875645,-16.10065541521294,-6.066952773238913,-13.655631819096874,4.382711832534517
0,0.10892170667648315,0.0390102829336288,0.004240214824676514,0.003537589251438617,1.0,100000,saga,"{'ridge__alpha': 1.0, 'ridge__max_iter': 100000, 'ridge__solver': 'saga'}",-38.41350136387429,-54.75054458291668,-6.048572007946876,-6.492328290444363,-26.42623656129555,20.967658750742338,3,-4.538199307467841,-14.590818434624502,-14.704123769312343,-14.489477311214923,-12.080654705654904,4.355300553719006
1,0.1125139594078064,0.04249521610090367,0.0032604336738586426,0.00106870451087052,2.154434690031884,100000,saga,"{'ridge__alpha': 2.154434690031884, 'ridge__max_iter': 100000, 'ridge__solver': 'saga'}",-38.455708737068335,-59.550676576437745,-6.003747120245942,-6.193194294082303,-27.550831681958584,22.711956899172016,4,-4.581212070335552,-14.660192510542576,-14.763004336291633,-14.58555720633098,-12.147491530875186,4.36884774744264
2,0.08811396360397339,0.048735964163992125,0.0044890642166137695,0.0027042554710632032,4.641588833612778,100000,saga,"{'ridge__alpha': 4.641588833612778, 'ridge__max_iter': 100000, 'ridge__solver': 'saga'}",-38.569358651019115,-66.67853145144038,-5.952453783598101,-5.7857944775733205,-29.24653459090773,25.402214296915176,5,-4.651864945124295,-14.772947690056288,-14.870459438534418,-14.758007568363723,-12.26331991051968,4.394687739498685
3,0.09499287605285645,0.047386071052779366,0.006531655788421631,0.0030453148241987873,10.0,100000,saga,"{'ridge__alpha': 10.0, 'ridge__max_iter': 100000, 'ridge__solver': 'saga'}",-38.79874585771895,-76.52449473309127,-5.919486266314264,-5.334969714686476,-31.644424142952744,29.23766781244753,7,-4.755729501894587,-14.96582850419699,-15.04263117158819,-15.044483055981777,-12.452168058415387,4.443654224799211
4,0.057686448097229004,0.027311425429032737,0.005924403667449951,0.0018695265485103305,21.544346900318832,100000,saga,"{'ridge__alpha': 21.544346900318832, 'ridge__max_iter': 100000, 'ridge__solver': 'saga'}",-39.146205827259145,-86.76226285576885,-5.9485818336549725,-4.979668636647234,-34.20917978833255,33.31376023854228,8,-4.89521719677601,-15.285778909514347,-15.31776539254356,-15.45369687974009,-12.738114594643502,4.5285378004655055
5,0.04569453001022339,0.01984177407447017,0.005983412265777588,0.0033999755740782606,46.41588833612777,100000,saga,"{'ridge__alpha': 46.41588833612777, 'ridge__max_iter': 100000, 'ridge__solver': 'saga'}",-39.54733521333479,-91.89334818043947,-6.0672506339706915,-4.8142463625250045,-35.580545097567494,35.37112842001834,10,-5.068302090277851,-15.732629885913985,-15.691995207104247,-15.961791766017168,-13.113679737328312,4.646139638293392
6,0.02374166250228882,0.006178801055098187,0.005079984664916992,0.0030103525947403863,100.0,100000,saga,"{'ridge__alpha': 100.0, 'ridge__max_iter': 100000, 'ridge__solver': 'saga'}",-39.91545620419102,-86.14445020759402,-6.2538321898077625,-4.833751575717213,-34.2868725443275,33.06896959926149,9,-5.2662064559505595,-16.230685068090963,-16.10709052541647,-16.489916377851234,-13.523474606827307,4.769337317508633
7,0.02308875322341919,0.007302770374438436,0.00583040714263916,0.00257971712309102,215.44346900318823,100000,saga,"{'ridge__alpha': 215.44346900318823, 'ridge__max_iter': 100000, 'ridge__solver': 'saga'}",-40.20641983302776,-68.13434742926866,-6.4606364934797,-4.963132557816211,-29.941134078398083,26.16931392149434,6,-5.474161146792851,-16.679661955526615,-16.49046316779649,-16.941077052730947,-13.896340830711726,4.86517924832926
8,0.01451176404953003,0.0052961761135313975,0.006286501884460449,0.0026827944884804875,464.15888336127773,100000,saga,"{'ridge__alpha': 464.15888336127773, 'ridge__max_iter': 100000, 'ridge__solver': 'saga'}",-40.443542690524545,-44.07033980083183,-6.652717082472838,-5.12462600056073,-24.072806393597485,18.23729284386529,2,-5.678239050012265,-17.04311556688441,-16.804006915708793,-17.288521231893945,-14.203470691124854,4.925024950432427
9,0.01458895206451416,0.005273667642625831,0.0033684372901916504,0.0005710644931005669,1000.0,100000,saga,"{'ridge__alpha': 1000.0, 'ridge__max_iter': 100000, 'ridge__solver': 'saga'}",-40.64451065670339,-23.572665198579372,-6.818237847687984,-5.275310704165787,-19.077681101784133,14.37125948355637,1,-5.858306107018598,-17.33193361726416,-17.04965244617733,-17.548429469259244,-14.447080409929832,4.961883947803404
0,0.11408919095993042,0.015341555966757538,0.0030440092086791992,0.0006724007876135981,1.0,100000,saga,"{'ridge__alpha': 1.0, 'ridge__max_iter': 100000, 'ridge__solver': 'saga'}",-4.07367363163565,-7.610375618968391,-6.167265866613574,-5.341720288053314,-5.798258851317732,1.2847718665809555,3,-5.451112780549419,-4.4113351653303985,-4.839211697539809,-5.156647844326772,-4.9645768719366,0.3858112432539673
1,0.11430376768112183,0.0109412777112022,0.0020915865898132324,2.2579620942425572e-05,2.154434690031884,100000,saga,"{'ridge__alpha': 2.154434690031884, 'ridge__max_iter': 100000, 'ridge__solver': 'saga'}",-3.994415976065659,-7.610501264241165,-6.186640545164502,-5.355061574897929,-5.786654840092314,1.3119448573998214,1,-5.5242126306859065,-4.463055892741586,-4.907501893673513,-5.22400862497487,-5.029694760518968,0.3931655201750835
2,0.08571106195449829,0.020815629961920677,0.004226028919219971,0.0020507275614265372,4.641588833612778,100000,saga,"{'ridge__alpha': 4.641588833612778, 'ridge__max_iter': 100000, 'ridge__solver': 'saga'}",-3.9256843829484076,-7.626665128485411,-6.230063360538288,-5.402980928791606,-5.796348450190928,1.3409222410028798,2,-5.658639749061473,-4.563479530558245,-5.0169726790855105,-5.332233085239782,-5.142831260986252,0.4041720727576938
3,0.0642930269241333,0.017586199730377793,0.004667937755584717,0.0022729983158990487,10.0,100000,saga,"{'ridge__alpha': 10.0, 'ridge__max_iter': 100000, 'ridge__solver': 'saga'}",-3.915016747184188,-7.673115713760223,-6.303874874926285,-5.486767741503665,-5.84469376934359,1.3606743315176202,4,-5.862037038368881,-4.7281435267672025,-5.17611481913039,-5.486566997875004,-5.31321559553537,0.41604135411954135
4,0.029003262519836426,0.006466810190103243,0.002092719078063965,8.072880901484789e-05,21.544346900318832,100000,saga,"{'ridge__alpha': 21.544346900318832, 'ridge__max_iter': 100000, 'ridge__solver': 'saga'}",-3.980868263386804,-7.748365426953318,-6.413885057471342,-5.606564098945159,-5.937420711689156,1.3641941408482885,5,-6.1135159104692365,-4.942465507335325,-5.3827263437364214,-5.6868087025840985,-5.53137911603127,0.4277728629286572
5,0.028799474239349365,0.005994773837846546,0.0035862326622009277,0.0020731394087388825,46.41588833612777,100000,saga,"{'ridge__alpha': 46.41588833612777, 'ridge__max_iter': 100000, 'ridge__solver': 'saga'}",-4.100175938964066,-7.8394065485157585,-6.5585839107389585,-5.764140006874721,-6.065576601273376,1.3549162956405223,6,-6.379362660638972,-5.183572773735781,-5.616982498361167,-5.914228755230419,-5.773536671991585,0.43571378258351984
6,0.02081453800201416,0.008429906119240573,0.0033439993858337402,0.0010945411934678022,100.0,100000,saga,"{'ridge__alpha': 100.0, 'ridge__max_iter': 100000, 'ridge__solver': 'saga'}",-4.246575751984055,-7.939676564764732,-6.727157989522234,-5.956938222975162,-6.217587132311546,1.3395967851562742,7,-6.639242627396894,-5.432781669412118,-5.854984399333928,-6.145807923967553,-6.0182041550276235,0.4391274534014522
7,0.015444755554199219,0.005625388289997224,0.002094447612762451,5.681979827278066e-05,215.44346900318823,100000,saga,"{'ridge__alpha': 215.44346900318823, 'ridge__max_iter': 100000, 'ridge__solver': 'saga'}",-4.413466803363234,-8.057402434921777,-6.911217303690559,-6.165872878515017,-6.386989855122647,1.3237048913705323,8,-6.888693553289341,-5.681007796230412,-6.0855945893728505,-6.364702771297521,-6.254999677547531,0.4392514828228906
8,0.010698437690734863,0.004052182936943437,0.0020176172256469727,9.169209386562467e-05,464.15888336127773,100000,saga,"{'ridge__alpha': 464.15888336127773, 'ridge__max_iter': 100000, 'ridge__solver': 'saga'}",-4.590443883745493,-8.196753838257614,-7.107445274737372,-6.369411105957068,-6.5660135256743875,1.3128204587382852,9,-7.121565450968076,-5.91952941546457,-6.305180230587301,-6.568849323242874,-6.478781105065705,0.4370880103606536
9,0.010515332221984863,0.002467412849587929,0.0020343661308288574,5.4207434278170883e-05,1000.0,100000,saga,"{'ridge__alpha': 1000.0, 'ridge__max_iter': 100000, 'ridge__solver': 'saga'}",-4.755039708571421,-8.342332075097332,-7.299245272385086,-6.550728707411964,-6.73683644086645,1.309205322122107,10,-7.326485754274793,-6.130954058967428,-6.498588617495044,-6.7534567987897525,-6.677371307381755,0.43522224975748386
0,0.0990833044052124,0.005835996933564523,0.002721428871154785,0.0011117173993885553,1.0,100000,saga,"{'ridge__alpha': 1.0, 'ridge__max_iter': 100000, 'ridge__solver': 'saga'}",-6.235744423960801,-7.174884599855744,-5.776339564275024,-5.401750792347887,-6.147179845109864,0.6627985618092452,3,-5.261261525285235,-5.030489775896827,-5.509150477069031,-5.507502956314041,-5.327101183641283,0.19874602677638925
1,0.10443663597106934,0.029529579974177482,0.0033341646194458008,0.002095366369198479,2.154434690031884,100000,saga,"{'ridge__alpha': 2.154434690031884, 'ridge__max_iter': 100000, 'ridge__solver': 'saga'}",-6.248908396418338,-7.177205598227072,-5.739730570278092,-5.371481967797304,-6.134331633180202,0.6779313299414962,1,-5.328556571551749,-5.07601761786128,-5.556908868161431,-5.563505429869254,-5.381247121860929,0.2000103023316271
2,0.06879198551177979,0.0062807439537188176,0.0031459927558898926,0.0017062648395396389,4.641588833612778,100000,saga,"{'ridge__alpha': 4.641588833612778, 'ridge__max_iter': 100000, 'ridge__solver': 'saga'}",-6.30053457034545,-7.194440902109831,-5.693176262189524,-5.354507446781236,-6.13566479535651,0.6989620504995327,2,-5.425796932039385,-5.154716067088318,-5.63832639135453,-5.656182248532027,-5.468755409753564,0.2027000723018759
3,0.04311215877532959,0.009834655521952802,0.004612445831298828,0.002518517887925236,10.0,100000,saga,"{'ridge__alpha': 10.0, 'ridge__max_iter': 100000, 'ridge__solver': 'saga'}",-6.404358491156873,-7.242981978460254,-5.6605312023761405,-5.3640289893313255,-6.167975165331148,0.7272113782193329,4,-5.558931236100411,-5.2782818540236525,-5.768702847333219,-5.800370995522248,-5.6015717332448824,0.2084397478781569
4,0.03335118293762207,0.008645277423585467,0.0047605037689208984,0.0025406274326253996,21.544346900318832,100000,saga,"{'ridge__alpha': 21.544346900318832, 'ridge__max_iter': 100000, 'ridge__solver': 'saga'}",-6.55264407639678,-7.335055515627377,-5.6757571998856235,-5.422453188351729,-6.246477495065377,0.755559030744755,5,-5.7324171040600325,-5.453396176622863,-5.957607278200426,-6.006887666367183,-5.787577056312626,0.21893315230935714
5,0.0317230224609375,0.011396460629036792,0.004046738147735596,0.0018659897711575948,46.41588833612777,100000,saga,"{'ridge__alpha': 46.41588833612777, 'ridge__max_iter': 100000, 'ridge__solver': 'saga'}",-6.713111232096264,-7.473191897825577,-5.76124721908945,-5.540946823024972,-6.372124293009065,0.7734094564094394,6,-5.94265564320544,-5.680408087563213,-6.209031249302404,-6.264354448056961,-6.0241123570320045,0.2327440010489282
6,0.022076725959777832,0.004148557930513048,0.0040808916091918945,0.002723919758361046,100.0,100000,saga,"{'ridge__alpha': 100.0, 'ridge__max_iter': 100000, 'ridge__solver': 'saga'}",-6.87021717273387,-7.635457084949101,-5.906374891198298,-5.710835803915587,-6.530721238199214,0.7742285300580812,7,-6.183609236921665,-5.9325875399655414,-6.484583139195655,-6.5436169300469915,-6.286099211532464,0.24555342683380335
7,0.017612457275390625,0.005987857322157208,0.0036107897758483887,0.0025425945806529034,215.44346900318823,100000,saga,"{'ridge__alpha': 215.44346900318823, 'ridge__max_iter': 100000, 'ridge__solver': 'saga'}",-7.037856495321876,-7.805038098875546,-6.081397821261811,-5.919781645535272,-6.711018515248627,0.7625909645523945,8,-6.443358133466357,-6.189695012461272,-6.755925912081524,-6.817045499825921,-6.551506139458768,0.25243904123702243
8,0.011530816555023193,0.0019424922472582966,0.0020107626914978027,0.00015629773352273229,464.15888336127773,100000,saga,"{'ridge__alpha': 464.15888336127773, 'ridge__max_iter': 100000, 'ridge__solver': 'saga'}",-7.225108881760022,-7.9770747819105665,-6.253977545999998,-6.148278796457533,-6.90111000153203,0.7497017275791856,9,-6.698802586250311,-6.440490293182601,-7.009727199298196,-7.0676541066948495,-6.80416854635649,0.25250884028422454
9,0.009033679962158203,0.0026684023646707977,0.001855611801147461,6.673761489160181e-05,1000.0,100000,saga,"{'ridge__alpha': 1000.0, 'ridge__max_iter': 100000, 'ridge__solver': 'saga'}",-7.407847238385891,-8.136036841745048,-6.401840674320643,-6.3595163523160885,-7.076310276691918,0.7418962063849539,10,-6.916778061007301,-6.659889701552735,-7.231391650414796,-7.275053477463056,-7.020778222609472,0.2500352372399541
0,0.11868661642074585,0.03099530633341333,0.004283785820007324,0.0014177454156008582,1.0,100000,saga,"{'ridge__alpha': 1.0, 'ridge__max_iter': 100000, 'ridge__solver': 'saga'}",-6.226448927832868,-7.323246828071568,-6.791582740376747,-36.7878183380414,-14.282274208580645,12.999368814211115,8,-14.34155480282155,-13.93090809437038,-14.252826692544454,-4.931461596972121,-11.864187796677125,4.005526445018082
1,0.10042858123779297,0.02050680422913672,0.0022740960121154785,9.09971249475676e-05,2.154434690031884,100000,saga,"{'ridge__alpha': 2.154434690031884, 'ridge__max_iter': 100000, 'ridge__solver': 'saga'}",-5.970154644546486,-7.218840954854837,-6.671025518479399,-36.72508236030472,-14.146275869546361,13.043390885247392,7,-14.442286411753502,-14.001730564851504,-14.3284810043962,-4.98608064647803,-11.93964465686981,4.01789763393317
2,0.10069394111633301,0.031894075614401454,0.003751516342163086,0.0012928862390011522,4.641588833612778,100000,saga,"{'ridge__alpha': 4.641588833612778, 'ridge__max_iter': 100000, 'ridge__solver': 'saga'}",-5.6267196005058135,-7.08122059898132,-6.557461882581706,-36.67945420525093,-13.986214071829941,13.112299469568164,5,-14.615401166242526,-14.14073970822568,-14.456340225912902,-5.087562273921314,-12.075010843575607,4.037820757366991
3,0.10536551475524902,0.06488330871981456,0.003554046154022217,0.0011151779641334909,10.0,100000,saga,"{'ridge__alpha': 10.0, 'ridge__max_iter': 100000, 'ridge__solver': 'saga'}",-5.2456594821410345,-6.931492155375621,-6.4973623729324785,-36.72725399871143,-13.85044200229014,13.222428449026125,3,-14.887135887801524,-14.370697587070463,-14.652126242056122,-5.245909493812698,-12.2889673026852,4.070419648066423
4,0.052737534046173096,0.0023118575559875087,0.009157240390777588,0.0023628382879354857,21.544346900318832,100000,saga,"{'ridge__alpha': 21.544346900318832, 'ridge__max_iter': 100000, 'ridge__solver': 'saga'}",-4.927006888102965,-6.808786939013915,-6.517490205799949,-36.92608954214658,-13.794843393765852,13.374022645407814,1,-15.291702511695366,-14.721362825359607,-14.944425922759189,-5.453421775648967,-12.602728258865783,4.132654295328026
5,0.03480654954910278,0.008711220463415888,0.005894005298614502,0.0015722191864212776,46.41588833612777,100000,saga,"{'ridge__alpha': 46.41588833612777, 'ridge__max_iter': 100000, 'ridge__solver': 'saga'}",-4.775113271573341,-6.763888769552605,-6.626033777524113,-37.22467221270298,-13.84742700783826,13.51968476017168,2,-15.80717854951636,-15.183085578133381,-15.33911844661076,-5.6814237764281215,-13.002701587672155,4.233176050659873
6,0.022583961486816406,0.0032118751503674367,0.006768226623535156,0.0025643378080523363,100.0,100000,saga,"{'ridge__alpha': 100.0, 'ridge__max_iter': 100000, 'ridge__solver': 'saga'}",-4.800053390038267,-6.8105966854969,-6.80297189614898,-37.50471024849336,-13.979583055044376,13.60692367538875,4,-16.33962482454089,-15.675894625929228,-15.773853346627284,-5.908891139010871,-13.424565984027069,4.346566696416527
7,0.01994115114212036,0.006702605796492467,0.003682553768157959,0.0006213305818542869,215.44346900318823,100000,saga,"{'ridge__alpha': 215.44346900318823, 'ridge__max_iter': 100000, 'ridge__solver': 'saga'}",-4.934441854088618,-6.918921269134413,-7.013636022098828,-37.70455266840428,-14.142887953431535,13.628641269964712,6,-16.792125116248787,-16.11471382782056,-16.16336710200255,-6.133048001870501,-13.8008135119856,4.435041351814923
8,0.011424899101257324,0.004140142207867704,0.0033259987831115723,0.0004394923453503203,464.15888336127773,100000,saga,"{'ridge__alpha': 464.15888336127773, 'ridge__max_iter': 100000, 'ridge__solver': 'saga'}",-5.112330220091526,-7.050951403080013,-7.231230439355805,-37.852256957396726,-14.311692254981018,13.61651337162507,9,-17.139808533972293,-16.465634203214865,-16.471164266420445,-6.358159154584442,-14.108691539548012,4.483159560769777
9,0.022228717803955078,0.00397407816371556,0.0058602094650268555,0.0014499369532331274,1000.0,100000,saga,"{'ridge__alpha': 1000.0, 'ridge__max_iter': 100000, 'ridge__solver': 'saga'}",-5.292845086355089,-7.184220857547193,-7.438303762233437,-37.98671168198862,-14.475520347031086,13.59947708956775,10,-17.40054410746409,-16.74142796763767,-16.704443701357324,-6.570726044881994,-14.354285455335269,4.502365545663532
0,0.15159547328948975,0.009009808326323976,0.005186200141906738,0.0030582190567357277,1.0,100000,saga,"{'ridge__alpha': 1.0, 'ridge__max_iter': 100000, 'ridge__solver': 'saga'}",-6.878884580618732,-8.869813103354726,-4.963792171685899,-38.148094768987214,-14.715146156161643,13.59932810105376,8,-14.345117482137491,-13.747048976956444,-14.827123764461755,-4.856093583792637,-11.943845951837082,4.109962611980924
1,0.12446093559265137,0.025503052499616482,0.005974233150482178,0.002639976733200763,2.154434690031884,100000,saga,"{'ridge__alpha': 2.154434690031884, 'ridge__max_iter': 100000, 'ridge__solver': 'saga'}",-6.787518739414486,-8.606755865872362,-4.881133697673388,-38.03121144907134,-14.576654938007895,13.605418873597474,6,-14.413663939068012,-13.846580018362804,-14.920455260318931,-4.91680460366386,-12.024375955353403,4.121103328490397
2,0.07805091142654419,0.01636596298972259,0.003497302532196045,0.001273045066011702,4.641588833612778,100000,saga,"{'ridge__alpha': 4.641588833612778, 'ridge__max_iter': 100000, 'ridge__solver': 'saga'}",-6.646734065964507,-8.275664522204856,-4.772946049318423,-37.945367139308736,-14.41017794419913,13.64445569471751,4,-14.54270228020016,-14.021211724678702,-15.07772072020257,-5.026623114866158,-12.167064459986896,4.139424464833067
3,0.056744515895843506,0.012809441671693513,0.00415724515914917,0.0016760388640528557,10.0,100000,saga,"{'ridge__alpha': 10.0, 'ridge__max_iter': 100000, 'ridge__solver': 'saga'}",-6.476092758674485,-7.9519332690916364,-4.650072540073333,-37.982066033800585,-14.26504115041001,13.742888514313604,2,-14.77620919487157,-14.312731168513746,-15.327272685520978,-5.1956574404698115,-12.402967622344026,4.176612039803368
4,0.030339479446411133,0.005884506078937586,0.003403961658477783,0.0017589357647783026,21.544346900318832,100000,saga,"{'ridge__alpha': 21.544346900318832, 'ridge__max_iter': 100000, 'ridge__solver': 'saga'}",-6.343970389997715,-7.762907050689033,-4.548535669594665,-38.19399865592973,-14.212352941552787,13.892583378483698,1,-15.155249132142277,-14.723111454013775,-15.712332060107224,-5.416161787913147,-12.751713608544106,4.249675711369603
5,0.024500727653503418,0.005280165369930575,0.0029684901237487793,0.0015883724737046812,46.41588833612777,100000,saga,"{'ridge__alpha': 46.41588833612777, 'ridge__max_iter': 100000, 'ridge__solver': 'saga'}",-6.3235671121030625,-7.773085633376654,-4.5063645093952855,-38.51449939476989,-14.279379162411225,14.039940072439148,3,-15.65010915249433,-15.247095043594188,-16.22846809540717,-5.667935259228857,-13.198401887681136,4.361686629758592
6,0.02281278371810913,0.005235111537860927,0.004848003387451172,0.0027783853402902374,100.0,100000,saga,"{'ridge__alpha': 100.0, 'ridge__max_iter': 100000, 'ridge__solver': 'saga'}",-6.42286121793873,-7.9532081988992225,-4.531343809757647,-38.81007005183677,-14.429370819608092,14.12828998880982,5,-16.190016328293027,-15.776106981326965,-16.789457415391546,-5.9270871021651015,-13.670666956794161,4.4852503230653555
7,0.01473456621170044,0.0043188690090567175,0.0036612749099731445,0.001763935321771867,215.44346900318823,100000,saga,"{'ridge__alpha': 215.44346900318823, 'ridge__max_iter': 100000, 'ridge__solver': 'saga'}",-6.594018725471331,-8.203211470947167,-4.6145824586657564,-39.01607601873888,-14.606972168455783,14.149803680940375,7,-16.66408086307163,-16.210666994438984,-17.2953429475144,-6.181863992557323,-14.087988699395584,4.580828067418752
8,0.011613726615905762,0.0015660364387277558,0.0023394227027893066,0.00018895024941642153,464.15888336127773,100000,saga,"{'ridge__alpha': 464.15888336127773, 'ridge__max_iter': 100000, 'ridge__solver': 'saga'}",-6.786752539543544,-8.443278580047748,-4.734790179350559,-39.15055451086256,-14.778843952451103,14.132199098868044,9,-17.02508564431507,-16.527846743496443,-17.687941345024196,-6.423615121077337,-14.416122213478262,4.632791834459901
9,0.00968313217163086,0.0026273333709678193,0.00280076265335083,0.0007418905901911476,1000.0,100000,saga,"{'ridge__alpha': 1000.0, 'ridge__max_iter': 100000, 'ridge__solver': 'saga'}",-6.969345513524592,-8.64050970133435,-4.867319621149307,-39.25286736600663,-14.932510550503721,14.104867033845553,10,-17.281954189909037,-16.75476273602699,-17.970920412846898,-6.640357115229263,-14.661998613503048,4.651331118504284
0,0.13307404518127441,0.020174594588557818,0.0026618242263793945,0.0010581341352651798,1.0,100000,saga,"{'ridge__alpha': 1.0, 'ridge__max_iter': 100000, 'ridge__solver': 'saga'}",-6.736726638763404,-4.740949638535252,-5.120411058235273,-8.09283930022405,-6.172731658939495,1.3381220134955236,1,-5.056307946822678,-5.630708111930138,-5.4423369366851375,-4.6292546602967395,-5.189651913933673,0.3841243242632263
1,0.1257990598678589,0.029242781553317793,0.006629467010498047,0.004685967383420426,2.154434690031884,100000,saga,"{'ridge__alpha': 2.154434690031884, 'ridge__max_iter': 100000, 'ridge__solver': 'saga'}",-6.758698505270134,-4.740696512256748,-5.0455869026400695,-8.153379211386088,-6.174590282888261,1.3772697645221317,2,-5.133479460998561,-5.711706216559915,-5.561823639413037,-4.707891762430562,-5.2787252698505185,0.39197079777859417
2,0.09782803058624268,0.019404000562201037,0.002796947956085205,0.0008796425345648946,4.641588833612778,100000,saga,"{'ridge__alpha': 4.641588833612778, 'ridge__max_iter': 100000, 'ridge__solver': 'saga'}",-6.81599828639266,-4.74758041368678,-5.000681143940053,-8.23019235543709,-6.198613049864146,1.4185393515513045,3,-5.261394877021663,-5.848855518856905,-5.741874801959325,-4.830487295851043,-5.420653123422234,0.40626332325769654
3,0.07413369417190552,0.01953506805255451,0.0038857460021972656,0.0026583687018916,10.0,100000,saga,"{'ridge__alpha': 10.0, 'ridge__max_iter': 100000, 'ridge__solver': 'saga'}",-6.910653682539525,-4.76444490092473,-5.009955874998458,-8.328496496961696,-6.253387738856102,1.4578364494496823,4,-5.433530935678339,-6.050356486669682,-5.971350627058183,-4.998680237709676,-5.613479571778971,0.42699322704745823
4,0.06340193748474121,0.018861428480959713,0.004986703395843506,0.0017378320775658799,21.544346900318832,100000,saga,"{'ridge__alpha': 21.544346900318832, 'ridge__max_iter': 100000, 'ridge__solver': 'saga'}",-7.0249860218029525,-4.78702773587797,-5.087589454113036,-8.466817625460557,-6.341605209313629,1.4977319339445008,5,-5.639853839758981,-6.2995923746525655,-6.2363211907360405,-5.2078328605312585,-5.845900066419712,0.44940242867988156
5,0.02935582399368286,0.004576624027428181,0.014735043048858643,0.011979938911480567,46.41588833612777,100000,saga,"{'ridge__alpha': 46.41588833612777, 'ridge__max_iter': 100000, 'ridge__solver': 'saga'}",-7.1429819867091116,-4.82030303749059,-5.230961006855108,-8.646726888498073,-6.460243229888221,1.5368296602047076,6,-5.87857130820138,-6.583760297486008,-6.5121387134685405,-5.437707349648206,-6.103044417201034,0.4720983718782905
6,0.029381930828094482,0.0026752321068268825,0.007280290126800537,0.0016440300922736962,100.0,100000,saga,"{'ridge__alpha': 100.0, 'ridge__max_iter': 100000, 'ridge__solver': 'saga'}",-7.258492324253423,-4.870934199924612,-5.418402418473352,-8.847746596384843,-6.5988938847590575,1.5709721030588495,7,-6.131396580700608,-6.876204152835968,-6.771245875369206,-5.664772692444797,-6.360904825337645,0.4927441412801243
7,0.027040958404541016,0.017158191121432506,0.0076277852058410645,0.0010896871063346592,215.44346900318823,100000,saga,"{'ridge__alpha': 215.44346900318823, 'ridge__max_iter': 100000, 'ridge__solver': 'saga'}",-7.3845368288831645,-4.946768130360887,-5.628706721537068,-9.051711504374188,-6.752930796288826,1.5976093288346782,8,-6.382851500113638,-7.15827901490454,-7.003225962622169,-5.877753515088213,-6.60552749818214,0.5106216501581855
8,0.025972604751586914,0.014291604519814021,0.00673365592956543,0.005053208376586827,464.15888336127773,100000,saga,"{'ridge__alpha': 464.15888336127773, 'ridge__max_iter': 100000, 'ridge__solver': 'saga'}",-7.529254729803,-5.050788184168072,-5.839317561947109,-9.252014663715865,-6.917843784908512,1.617968824242351,9,-6.618866129308937,-7.418190015235362,-7.209819852336371,-6.077969707231148,-6.831211426027954,0.5244882783805349
9,0.013053059577941895,0.0032790262898286546,0.004665732383728027,0.000801640601642365,1000.0,100000,saga,"{'ridge__alpha': 1000.0, 'ridge__max_iter': 100000, 'ridge__solver': 'saga'}",-7.681477670856107,-5.171649791417882,-6.02749892620041,-9.437145961833895,-7.079443087577073,1.633054673171358,10,-6.824576952677584,-7.6434998248377335,-7.391778374324766,-6.259335228890578,-7.029797595182665,0.5346466779880255
0,0.10799401998519897,0.024305775760905445,0.002762436866760254,0.000612913133404758,1.0,100000,saga,"{'ridge__alpha': 1.0, 'ridge__max_iter': 100000, 'ridge__solver': 'saga'}",-4.583688575455331,-38.50154569834486,-6.701621875988288,-7.611272468847341,-14.349532154658956,13.987370502098408,9,-15.001526749139781,-4.498547867003119,-14.5038162952547,-14.031536744170618,-12.008856913892053,4.349622705851871
1,0.09945923089981079,0.005192699500954173,0.0032660961151123047,0.0010537232308146336,2.154434690031884,100000,saga,"{'ridge__alpha': 2.154434690031884, 'ridge__max_iter': 100000, 'ridge__solver': 'saga'}",-4.501680582068331,-38.368453859672385,-6.413786210001407,-7.433694386355548,-14.179403759524417,14.0051587059881,7,-15.056681105272666,-4.550228813332928,-14.566195218431906,-14.126366322086199,-12.074867864780925,4.356798163764406
2,0.06592637300491333,0.009551868694775204,0.002448737621307373,0.0006289784962234962,4.641588833612778,100000,saga,"{'ridge__alpha': 4.641588833612778, 'ridge__max_iter': 100000, 'ridge__solver': 'saga'}",-4.397007273390302,-38.26242798791692,-6.011792657485227,-7.225290405287931,-13.974129581020096,14.058701493217209,5,-15.161510970406217,-4.62908922619646,-14.686192575499595,-14.259096411816344,-12.183972295979654,4.373478054682866
3,0.046877503395080566,0.008058201660560154,0.002734541893005371,0.001086823509020809,10.0,100000,saga,"{'ridge__alpha': 10.0, 'ridge__max_iter': 100000, 'ridge__solver': 'saga'}",-4.307712282861054,-38.260404730771725,-5.534177791497856,-7.01098734533337,-13.778320537616,14.167105873373897,3,-15.34861291974371,-4.754778109053748,-14.919099643256908,-14.465523013836139,-12.372003421472627,4.408878797721427
4,0.03814339637756348,0.009268288016042346,0.0026137828826904297,0.00044152259605220344,21.544346900318832,100000,saga,"{'ridge__alpha': 21.544346900318832, 'ridge__max_iter': 100000, 'ridge__solver': 'saga'}",-4.293422027234668,-38.448469461332,-5.131445210728894,-6.879829602998372,-13.688291575573484,14.325717756086993,1,-15.64211770106332,-4.927685756809812,-15.299450153815558,-14.781850135624452,-12.662775936828286,4.4763440391591445
5,0.030504286289215088,0.010959572067372756,0.0038893818855285645,0.0010748658726240782,46.41588833612777,100000,saga,"{'ridge__alpha': 46.41588833612777, 'ridge__max_iter': 100000, 'ridge__solver': 'saga'}",-4.385841663707005,-38.79895587942949,-4.916816983739444,-6.897448053376096,-13.74976564506301,14.49241389621666,2,-16.049163278053534,-5.1377438096366035,-15.805233192821758,-15.21056131100798,-13.050675397879969,4.5787037382639975
6,0.02061307430267334,0.006440910066437523,0.003573179244995117,0.001612101385924827,100.0,100000,saga,"{'ridge__alpha': 100.0, 'ridge__max_iter': 100000, 'ridge__solver': 'saga'}",-4.559304667327389,-39.200730476285514,-4.885945509429276,-7.04160482390124,-13.921896369235855,14.62587088755764,4,-16.49875644656814,-5.3579290847327785,-16.335785718999688,-15.669054317185774,-13.465381391871595,4.691149712435754
7,0.01490563154220581,0.0020850317572433746,0.005294680595397949,0.0010559665790175017,215.44346900318823,100000,saga,"{'ridge__alpha': 215.44346900318823, 'ridge__max_iter': 100000, 'ridge__solver': 'saga'}",-4.762960177488293,-39.56222006084867,-4.956349470844108,-7.23288338608062,-14.128603273815424,14.716192833692265,6,-16.906415053260538,-5.564681028908678,-16.796855660216682,-16.069909412573757,-13.834465288739915,4.785372874805376
8,0.012054681777954102,0.003564867426561353,0.0028679966926574707,0.0006419634057267865,464.15888336127773,100000,saga,"{'ridge__alpha': 464.15888336127773, 'ridge__max_iter': 100000, 'ridge__solver': 'saga'}",-4.961873861110748,-39.858147618163684,-5.060537249904408,-7.409242838936473,-14.322450392028827,14.775551593260367,8,-17.22781497022996,-5.747007911164531,-17.154304234519053,-16.38159983894276,-14.127681738714077,4.849925524984231
9,0.012132406234741211,0.0032588819204855232,0.002820253372192383,0.0007027941177250407,1000.0,100000,saga,"{'ridge__alpha': 1000.0, 'ridge__max_iter': 100000, 'ridge__solver': 'saga'}",-5.1382893186955405,-40.09100019727619,-5.166925361387491,-7.552304966599345,-14.487129960989641,14.814832127912178,10,-17.463262746665407,-5.89858325600731,-17.417795219467425,-16.616731153929184,-14.34909309401733,4.89050826226889
0,0.09752911329269409,0.014486337102772386,0.0028952360153198242,0.0014699201932817866,1.0,100000,saga,"{'ridge__alpha': 1.0, 'ridge__max_iter': 100000, 'ridge__solver': 'saga'}",-4.796089321321963,-7.047999974572846,-9.011342286327693,-36.78654250946232,-14.410493522921206,13.004628807898529,7,-15.006557989059193,-14.392114802796486,-13.689192556161187,-5.025702760135446,-12.028392027038079,4.0697841842138605
1,0.09139496088027954,0.009748378802673962,0.0034432411193847656,0.0017462501430760221,2.154434690031884,100000,saga,"{'ridge__alpha': 2.154434690031884, 'ridge__max_iter': 100000, 'ridge__solver': 'saga'}",-4.687936121915918,-7.02816471547216,-8.797796903669827,-36.60036704326606,-14.278566196080991,12.969677443440176,6,-15.081377093913618,-14.45451607961294,-13.773041542590816,-5.130128156982097,-12.109765718274868,4.0561729308420595
2,0.10833942890167236,0.009207475974529039,0.004028797149658203,0.0012619482666872616,4.641588833612778,100000,saga,"{'ridge__alpha': 4.641588833612778, 'ridge__max_iter': 100000, 'ridge__solver': 'saga'}",-4.521056279247305,-6.991236316071707,-8.542123070365573,-36.46367162748968,-14.129521823293567,12.974118490231163,4,-15.233499004421935,-14.57448721319282,-13.93522496808368,-5.297552694228749,-12.260190969981796,4.046004152950955
3,0.07380682229995728,0.013407328188466393,0.004193723201751709,0.002236372400027086,10.0,100000,saga,"{'ridge__alpha': 10.0, 'ridge__max_iter': 100000, 'ridge__solver': 'saga'}",-4.314844938906388,-6.934700139956704,-8.31073491138265,-36.479253160802784,-14.009883287762133,13.051866340377046,2,-15.501632789915446,-14.783767042636573,-14.211633719901203,-5.527851330441609,-12.506221220723706,4.054805283786974
4,0.03256571292877197,0.00420906307016024,0.002211272716522217,0.000207279717846217,21.544346900318832,100000,saga,"{'ridge__alpha': 21.544346900318832, 'ridge__max_iter': 100000, 'ridge__solver': 'saga'}",-4.139246886073181,-6.901950277334983,-8.192971505042575,-36.69268300081295,-13.981712917315921,13.193699878031772,1,-15.918529231927673,-15.110278657230102,-14.618365260280077,-5.799144673867845,-12.861579455826424,4.1038357497634825
5,0.025078773498535156,0.0013419889288874619,0.0033298134803771973,0.0012912060125300844,46.41588833612777,100000,saga,"{'ridge__alpha': 46.41588833612777, 'ridge__max_iter': 100000, 'ridge__solver': 'saga'}",-4.078364677508271,-6.9485273106007925,-8.234612760135606,-37.03500844180091,-14.074128297511395,13.341583849784488,3,-16.447380316888605,-15.555832960579759,-15.112599828402283,-6.08027264508734,-13.299021437739496,4.195377295072447
6,0.024310171604156494,0.0056017153799351556,0.005177497863769531,0.0019186079990865682,100.0,100000,saga,"{'ridge__alpha': 100.0, 'ridge__max_iter': 100000, 'ridge__solver': 'saga'}",-4.150820937097506,-7.074461729096634,-8.382318661873521,-37.38045498196979,-14.247014077509363,13.443672893944974,5,-16.98938252806845,-16.036176805054716,-15.606493970073327,-6.342957482084302,-13.7437526963202,4.302060441086393
7,0.014925003051757812,0.004162868289929038,0.004354715347290039,0.0038431673181139854,215.44346900318823,100000,saga,"{'ridge__alpha': 215.44346900318823, 'ridge__max_iter': 100000, 'ridge__solver': 'saga'}",-4.31050728973571,-7.243842489472258,-8.551619212004399,-37.65223207057763,-14.4395502654475,13.489551981787292,8,-17.44057574791099,-16.45668372487293,-16.021200291213173,-6.575823068356263,-14.123570708088339,4.3879218102403055
8,0.011720418930053711,0.0028492089524811996,0.0028194785118103027,0.0006542782797815629,464.15888336127773,100000,saga,"{'ridge__alpha': 464.15888336127773, 'ridge__max_iter': 100000, 'ridge__solver': 'saga'}",-4.496847065174593,-7.424090940699144,-8.705808622292203,-37.84726545556769,-14.618503020933407,13.497618713715472,9,-17.767885259757566,-16.778682513811773,-16.342791978236686,-6.782051116729779,-14.41785271713395,4.438667947852958
9,0.007626891136169434,0.0013877892533912081,0.0020236968994140625,6.756653814765592e-05,1000.0,100000,saga,"{'ridge__alpha': 1000.0, 'ridge__max_iter': 100000, 'ridge__solver': 'saga'}",-4.669004005799715,-7.592180258267182,-8.838269714417704,-37.99066103389241,-14.772528753094253,13.490141898559799,10,-17.99401349888514,-17.008931287788638,-16.583501507581094,-6.961286520396525,-14.63693320366285,4.460970835698847
0,0.11756199598312378,0.015025889930751367,0.004518091678619385,0.002189888629488428,1.0,100000,saga,"{'ridge__alpha': 1.0, 'ridge__max_iter': 100000, 'ridge__solver': 'saga'}",-4.796089321321963,-7.047999974572846,-9.011342286327693,-36.78654250946232,-14.410493522921206,13.004628807898529,7,-15.006557989059193,-14.392114802796486,-13.689192556161187,-5.025702760135446,-12.028392027038079,4.0697841842138605
1,0.09359145164489746,0.013861438711295537,0.003229498863220215,0.0018523573081782908,2.154434690031884,100000,saga,"{'ridge__alpha': 2.154434690031884, 'ridge__max_iter': 100000, 'ridge__solver': 'saga'}",-4.687936121915918,-7.02816471547216,-8.797796903669827,-36.60036704326606,-14.278566196080991,12.969677443440176,6,-15.081377093913618,-14.45451607961294,-13.773041542590816,-5.130128156982097,-12.109765718274868,4.0561729308420595
2,0.07722651958465576,0.017761392908986602,0.0038748979568481445,0.0016562007185906007,4.641588833612778,100000,saga,"{'ridge__alpha': 4.641588833612778, 'ridge__max_iter': 100000, 'ridge__solver': 'saga'}",-4.521056279247305,-6.991236316071707,-8.542123070365573,-36.46367162748968,-14.129521823293567,12.974118490231163,4,-15.233499004421935,-14.57448721319282,-13.93522496808368,-5.297552694228749,-12.260190969981796,4.046004152950955
3,0.057462990283966064,0.013082869739434838,0.0035156607627868652,0.0013685852833008921,10.0,100000,saga,"{'ridge__alpha': 10.0, 'ridge__max_iter': 100000, 'ridge__solver': 'saga'}",-4.314844938906388,-6.934700139956704,-8.31073491138265,-36.479253160802784,-14.009883287762133,13.051866340377046,2,-15.501632789915446,-14.783767042636573,-14.211633719901203,-5.527851330441609,-12.506221220723706,4.054805283786974
4,0.04071521759033203,0.010035210570226579,0.004722714424133301,0.003712098941806411,21.544346900318832,100000,saga,"{'ridge__alpha': 21.544346900318832, 'ridge__max_iter': 100000, 'ridge__solver': 'saga'}",-4.139246886073181,-6.901950277334983,-8.192971505042575,-36.69268300081295,-13.981712917315921,13.193699878031772,1,-15.918529231927673,-15.110278657230102,-14.618365260280077,-5.799144673867845,-12.861579455826424,4.1038357497634825
5,0.028188586235046387,0.010504281282272862,0.0043984055519104,0.004079731516896767,46.41588833612777,100000,saga,"{'ridge__alpha': 46.41588833612777, 'ridge__max_iter': 100000, 'ridge__solver': 'saga'}",-4.078364677508271,-6.9485273106007925,-8.234612760135606,-37.03500844180091,-14.074128297511395,13.341583849784488,3,-16.447380316888605,-15.555832960579759,-15.112599828402283,-6.08027264508734,-13.299021437739496,4.195377295072447
6,0.016398608684539795,0.0042834452659025815,0.00242006778717041,0.0005954141720355189,100.0,100000,saga,"{'ridge__alpha': 100.0, 'ridge__max_iter': 100000, 'ridge__solver': 'saga'}",-4.150820937097506,-7.074461729096634,-8.382318661873521,-37.38045498196979,-14.247014077509363,13.443672893944974,5,-16.98938252806845,-16.036176805054716,-15.606493970073327,-6.342957482084302,-13.7437526963202,4.302060441086393
7,0.018515825271606445,0.0029300723922774316,0.0020741820335388184,2.6785441368264306e-05,215.44346900318823,100000,saga,"{'ridge__alpha': 215.44346900318823, 'ridge__max_iter': 100000, 'ridge__solver': 'saga'}",-4.31050728973571,-7.243842489472258,-8.551619212004399,-37.65223207057763,-14.4395502654475,13.489551981787292,8,-17.44057574791099,-16.45668372487293,-16.021200291213173,-6.575823068356263,-14.123570708088339,4.3879218102403055
8,0.014736175537109375,0.005088375290596917,0.0029321908950805664,0.0015929963233108598,464.15888336127773,100000,saga,"{'ridge__alpha': 464.15888336127773, 'ridge__max_iter': 100000, 'ridge__solver': 'saga'}",-4.496847065174593,-7.424090940699144,-8.705808622292203,-37.84726545556769,-14.618503020933407,13.497618713715472,9,-17.767885259757566,-16.778682513811773,-16.342791978236686,-6.782051116729779,-14.41785271713395,4.438667947852958
9,0.006518423557281494,0.0003290065548850664,0.002036452293395996,0.0001290298904546547,1000.0,100000,saga,"{'ridge__alpha': 1000.0, 'ridge__max_iter': 100000, 'ridge__solver': 'saga'}",-4.669004005799715,-7.592180258267182,-8.838269714417704,-37.99066103389241,-14.772528753094253,13.490141898559799,10,-17.99401349888514,-17.008931287788638,-16.583501507581094,-6.961286520396525,-14.63693320366285,4.460970835698847
