,mean_fit_time,std_fit_time,mean_score_time,std_score_time,param_lasso__alpha,param_lasso__max_iter,param_lasso__selection,params,split0_test_score,split1_test_score,split2_test_score,split3_test_score,mean_test_score,std_test_score,rank_test_score,split0_train_score,split1_train_score,split2_train_score,split3_train_score,mean_train_score,std_train_score
0,0.007441699504852295,0.00017228760463146358,0.0036048293113708496,0.0003361554165813974,1.0,100000,cyclic,"{'lasso__alpha': 1.0, 'lasso__max_iter': 100000, 'lasso__selection': 'cyclic'}",-6.696451602032016,-5.948028272911407,-6.707695312995397,-37.02363164936688,-14.093951709326424,13.242036117742531,1,-16.48721692331361,-16.7360601808284,-16.496754009230767,-6.417295659047526,-14.034331693105077,4.398827809230429
1,0.011076748371124268,0.0026707521708797754,0.006020247936248779,0.0007494411171199391,1.0,100000,random,"{'lasso__alpha': 1.0, 'lasso__max_iter': 100000, 'lasso__selection': 'random'}",-6.696451602032016,-5.948028272911407,-6.707695312995397,-37.02363164936688,-14.093951709326424,13.242036117742531,1,-16.48721692331361,-16.7360601808284,-16.496754009230767,-6.417295659047526,-14.034331693105077,4.398827809230429
2,0.012721717357635498,0.0024166507422608615,0.00527346134185791,0.0033167821628539164,2.154434690031884,100000,cyclic,"{'lasso__alpha': 2.154434690031884, 'lasso__max_iter': 100000, 'lasso__selection': 'cyclic'}",-6.696451602032016,-5.948028272911407,-6.707695312995397,-37.02363164936688,-14.093951709326424,13.242036117742531,1,-16.48721692331361,-16.7360601808284,-16.496754009230767,-6.417295659047526,-14.034331693105077,4.398827809230429
3,0.009322583675384521,0.002165913672883912,0.004119813442230225,0.0019715443146743295,2.154434690031884,100000,random,"{'lasso__alpha': 2.154434690031884, 'lasso__max_iter': 100000, 'lasso__selection': 'random'}",-6.696451602032016,-5.948028272911407,-6.707695312995397,-37.02363164936688,-14.093951709326424,13.242036117742531,1,-16.48721692331361,-16.7360601808284,-16.496754009230767,-6.417295659047526,-14.034331693105077,4.398827809230429
4,0.006132185459136963,0.002301526690768441,0.0031498074531555176,0.0019023387378511792,4.641588833612778,100000,cyclic,"{'lasso__alpha': 4.641588833612778, 'lasso__max_iter': 100000, 'lasso__selection': 'cyclic'}",-6.696451602032016,-5.948028272911407,-6.707695312995397,-37.02363164936688,-14.093951709326424,13.242036117742531,1,-16.48721692331361,-16.7360601808284,-16.496754009230767,-6.417295659047526,-14.034331693105077,4.398827809230429
5,0.004443347454071045,0.0004977620214558786,0.00306093692779541,0.0018969630187688677,4.641588833612778,100000,random,"{'lasso__alpha': 4.641588833612778, 'lasso__max_iter': 100000, 'lasso__selection': 'random'}",-6.696451602032016,-5.948028272911407,-6.707695312995397,-37.02363164936688,-14.093951709326424,13.242036117742531,1,-16.48721692331361,-16.7360601808284,-16.496754009230767,-6.417295659047526,-14.034331693105077,4.398827809230429
6,0.005475938320159912,0.002205677793360012,0.0031695961952209473,0.0013058356475752154,10.0,100000,cyclic,"{'lasso__alpha': 10.0, 'lasso__max_iter': 100000, 'lasso__selection': 'cyclic'}",-6.696451602032016,-5.948028272911407,-6.707695312995397,-37.02363164936688,-14.093951709326424,13.242036117742531,1,-16.48721692331361,-16.7360601808284,-16.496754009230767,-6.417295659047526,-14.034331693105077,4.398827809230429
7,0.005898177623748779,0.002604061154882532,0.001964569091796875,0.00014690289943346458,10.0,100000,random,"{'lasso__alpha': 10.0, 'lasso__max_iter': 100000, 'lasso__selection': 'random'}",-6.696451602032016,-5.948028272911407,-6.707695312995397,-37.02363164936688,-14.093951709326424,13.242036117742531,1,-16.48721692331361,-16.7360601808284,-16.496754009230767,-6.417295659047526,-14.034331693105077,4.398827809230429
8,0.006956875324249268,0.0022342000388260986,0.0020291805267333984,9.290817482546178e-05,21.544346900318832,100000,cyclic,"{'lasso__alpha': 21.544346900318832, 'lasso__max_iter': 100000, 'lasso__selection': 'cyclic'}",-6.696451602032016,-5.948028272911407,-6.707695312995397,-37.02363164936688,-14.093951709326424,13.242036117742531,1,-16.48721692331361,-16.7360601808284,-16.496754009230767,-6.417295659047526,-14.034331693105077,4.398827809230429
9,0.005067169666290283,0.0016882996967369328,0.0020302534103393555,0.00014609189628540564,21.544346900318832,100000,random,"{'lasso__alpha': 21.544346900318832, 'lasso__max_iter': 100000, 'lasso__selection': 'random'}",-6.696451602032016,-5.948028272911407,-6.707695312995397,-37.02363164936688,-14.093951709326424,13.242036117742531,1,-16.48721692331361,-16.7360601808284,-16.496754009230767,-6.417295659047526,-14.034331693105077,4.398827809230429
10,0.006568551063537598,0.0026283604273175153,0.00339353084564209,0.0011312008429170573,46.41588833612777,100000,cyclic,"{'lasso__alpha': 46.41588833612777, 'lasso__max_iter': 100000, 'lasso__selection': 'cyclic'}",-6.696451602032016,-5.948028272911407,-6.707695312995397,-37.02363164936688,-14.093951709326424,13.242036117742531,1,-16.48721692331361,-16.7360601808284,-16.496754009230767,-6.417295659047526,-14.034331693105077,4.398827809230429
11,0.007507264614105225,0.003598554414929627,0.0029681921005249023,0.0008635022213103586,46.41588833612777,100000,random,"{'lasso__alpha': 46.41588833612777, 'lasso__max_iter': 100000, 'lasso__selection': 'random'}",-6.696451602032016,-5.948028272911407,-6.707695312995397,-37.02363164936688,-14.093951709326424,13.242036117742531,1,-16.48721692331361,-16.7360601808284,-16.496754009230767,-6.417295659047526,-14.034331693105077,4.398827809230429
12,0.005835473537445068,0.002532965926505672,0.001971721649169922,6.044016786360207e-05,100.0,100000,cyclic,"{'lasso__alpha': 100.0, 'lasso__max_iter': 100000, 'lasso__selection': 'cyclic'}",-6.696451602032016,-5.948028272911407,-6.707695312995397,-37.02363164936688,-14.093951709326424,13.242036117742531,1,-16.48721692331361,-16.7360601808284,-16.496754009230767,-6.417295659047526,-14.034331693105077,4.398827809230429
13,0.006071031093597412,0.0018406098784793997,0.002582252025604248,0.001124086552693941,100.0,100000,random,"{'lasso__alpha': 100.0, 'lasso__max_iter': 100000, 'lasso__selection': 'random'}",-6.696451602032016,-5.948028272911407,-6.707695312995397,-37.02363164936688,-14.093951709326424,13.242036117742531,1,-16.48721692331361,-16.7360601808284,-16.496754009230767,-6.417295659047526,-14.034331693105077,4.398827809230429
14,0.005875945091247559,0.0016098322467598858,0.0019482970237731934,5.369061870680727e-05,215.44346900318823,100000,cyclic,"{'lasso__alpha': 215.44346900318823, 'lasso__max_iter': 100000, 'lasso__selection': 'cyclic'}",-6.696451602032016,-5.948028272911407,-6.707695312995397,-37.02363164936688,-14.093951709326424,13.242036117742531,1,-16.48721692331361,-16.7360601808284,-16.496754009230767,-6.417295659047526,-14.034331693105077,4.398827809230429
15,0.005146980285644531,0.0023347579092705853,0.0020360946655273438,0.00010812275990628198,215.44346900318823,100000,random,"{'lasso__alpha': 215.44346900318823, 'lasso__max_iter': 100000, 'lasso__selection': 'random'}",-6.696451602032016,-5.948028272911407,-6.707695312995397,-37.02363164936688,-14.093951709326424,13.242036117742531,1,-16.48721692331361,-16.7360601808284,-16.496754009230767,-6.417295659047526,-14.034331693105077,4.398827809230429
16,0.007591128349304199,0.003875979509644294,0.0037057995796203613,0.001576605976505054,464.15888336127773,100000,cyclic,"{'lasso__alpha': 464.15888336127773, 'lasso__max_iter': 100000, 'lasso__selection': 'cyclic'}",-6.696451602032016,-5.948028272911407,-6.707695312995397,-37.02363164936688,-14.093951709326424,13.242036117742531,1,-16.48721692331361,-16.7360601808284,-16.496754009230767,-6.417295659047526,-14.034331693105077,4.398827809230429
17,0.006508469581604004,0.001627541492786411,0.002498626708984375,0.0008441245230886014,464.15888336127773,100000,random,"{'lasso__alpha': 464.15888336127773, 'lasso__max_iter': 100000, 'lasso__selection': 'random'}",-6.696451602032016,-5.948028272911407,-6.707695312995397,-37.02363164936688,-14.093951709326424,13.242036117742531,1,-16.48721692331361,-16.7360601808284,-16.496754009230767,-6.417295659047526,-14.034331693105077,4.398827809230429
18,0.007567942142486572,0.0028363250714036844,0.0031726956367492676,0.0016320511855176386,1000.0,100000,cyclic,"{'lasso__alpha': 1000.0, 'lasso__max_iter': 100000, 'lasso__selection': 'cyclic'}",-6.696451602032016,-5.948028272911407,-6.707695312995397,-37.02363164936688,-14.093951709326424,13.242036117742531,1,-16.48721692331361,-16.7360601808284,-16.496754009230767,-6.417295659047526,-14.034331693105077,4.398827809230429
19,0.006274998188018799,0.003539895191815676,0.002476990222930908,0.0005935630891445885,1000.0,100000,random,"{'lasso__alpha': 1000.0, 'lasso__max_iter': 100000, 'lasso__selection': 'random'}",-6.696451602032016,-5.948028272911407,-6.707695312995397,-37.02363164936688,-14.093951709326424,13.242036117742531,1,-16.48721692331361,-16.7360601808284,-16.496754009230767,-6.417295659047526,-14.034331693105077,4.398827809230429
0,0.004237473011016846,0.00013849065781778924,0.0020853281021118164,0.00025971644523292145,1.0,100000,cyclic,"{'lasso__alpha': 1.0, 'lasso__max_iter': 100000, 'lasso__selection': 'cyclic'}",-41.036752652679624,-5.9997649388193,-7.141166342030375,-5.568143796328417,-14.936456932464427,15.07996806095733,1,-6.196167105562131,-17.870981751715977,-17.483913492071007,-17.993045055580332,-14.88602685123236,5.020612394871233
1,0.005139946937561035,0.0014492778321348228,0.0018625855445861816,7.401166608490043e-05,1.0,100000,random,"{'lasso__alpha': 1.0, 'lasso__max_iter': 100000, 'lasso__selection': 'random'}",-41.036752652679624,-5.9997649388193,-7.141166342030375,-5.568143796328417,-14.936456932464427,15.07996806095733,1,-6.196167105562131,-17.870981751715977,-17.483913492071007,-17.993045055580332,-14.88602685123236,5.020612394871233
2,0.005544006824493408,0.002380528591753711,0.001968562602996826,0.00013016643229447694,2.154434690031884,100000,cyclic,"{'lasso__alpha': 2.154434690031884, 'lasso__max_iter': 100000, 'lasso__selection': 'cyclic'}",-41.036752652679624,-5.9997649388193,-7.141166342030375,-5.568143796328417,-14.936456932464427,15.07996806095733,1,-6.196167105562131,-17.870981751715977,-17.483913492071007,-17.993045055580332,-14.88602685123236,5.020612394871233
3,0.003969430923461914,0.00018267795827869092,0.001845240592956543,4.689715268540552e-05,2.154434690031884,100000,random,"{'lasso__alpha': 2.154434690031884, 'lasso__max_iter': 100000, 'lasso__selection': 'random'}",-41.036752652679624,-5.9997649388193,-7.141166342030375,-5.568143796328417,-14.936456932464427,15.07996806095733,1,-6.196167105562131,-17.870981751715977,-17.483913492071007,-17.993045055580332,-14.88602685123236,5.020612394871233
4,0.0070893168449401855,0.0025386816481229742,0.0021626949310302734,0.00043207127021859155,4.641588833612778,100000,cyclic,"{'lasso__alpha': 4.641588833612778, 'lasso__max_iter': 100000, 'lasso__selection': 'cyclic'}",-41.036752652679624,-5.9997649388193,-7.141166342030375,-5.568143796328417,-14.936456932464427,15.07996806095733,1,-6.196167105562131,-17.870981751715977,-17.483913492071007,-17.993045055580332,-14.88602685123236,5.020612394871233
5,0.005553245544433594,0.0028289949402450373,0.0021216869354248047,0.00036293600535550983,4.641588833612778,100000,random,"{'lasso__alpha': 4.641588833612778, 'lasso__max_iter': 100000, 'lasso__selection': 'random'}",-41.036752652679624,-5.9997649388193,-7.141166342030375,-5.568143796328417,-14.936456932464427,15.07996806095733,1,-6.196167105562131,-17.870981751715977,-17.483913492071007,-17.993045055580332,-14.88602685123236,5.020612394871233
6,0.008710205554962158,0.00520600886782032,0.001994013786315918,9.174942021588896e-05,10.0,100000,cyclic,"{'lasso__alpha': 10.0, 'lasso__max_iter': 100000, 'lasso__selection': 'cyclic'}",-41.036752652679624,-5.9997649388193,-7.141166342030375,-5.568143796328417,-14.936456932464427,15.07996806095733,1,-6.196167105562131,-17.870981751715977,-17.483913492071007,-17.993045055580332,-14.88602685123236,5.020612394871233
7,0.004794895648956299,0.00171410035844514,0.0021909475326538086,0.00042285437201018683,10.0,100000,random,"{'lasso__alpha': 10.0, 'lasso__max_iter': 100000, 'lasso__selection': 'random'}",-41.036752652679624,-5.9997649388193,-7.141166342030375,-5.568143796328417,-14.936456932464427,15.07996806095733,1,-6.196167105562131,-17.870981751715977,-17.483913492071007,-17.993045055580332,-14.88602685123236,5.020612394871233
8,0.005086958408355713,0.0019590494879166633,0.002664327621459961,0.0007227063744338495,21.544346900318832,100000,cyclic,"{'lasso__alpha': 21.544346900318832, 'lasso__max_iter': 100000, 'lasso__selection': 'cyclic'}",-41.036752652679624,-5.9997649388193,-7.141166342030375,-5.568143796328417,-14.936456932464427,15.07996806095733,1,-6.196167105562131,-17.870981751715977,-17.483913492071007,-17.993045055580332,-14.88602685123236,5.020612394871233
9,0.0037952065467834473,0.00013620206500605225,0.0027574896812438965,0.0013998676915116998,21.544346900318832,100000,random,"{'lasso__alpha': 21.544346900318832, 'lasso__max_iter': 100000, 'lasso__selection': 'random'}",-41.036752652679624,-5.9997649388193,-7.141166342030375,-5.568143796328417,-14.936456932464427,15.07996806095733,1,-6.196167105562131,-17.870981751715977,-17.483913492071007,-17.993045055580332,-14.88602685123236,5.020612394871233
10,0.007216155529022217,0.0037206828363657955,0.0019109845161437988,0.00011791942561110545,46.41588833612777,100000,cyclic,"{'lasso__alpha': 46.41588833612777, 'lasso__max_iter': 100000, 'lasso__selection': 'cyclic'}",-41.036752652679624,-5.9997649388193,-7.141166342030375,-5.568143796328417,-14.936456932464427,15.07996806095733,1,-6.196167105562131,-17.870981751715977,-17.483913492071007,-17.993045055580332,-14.88602685123236,5.020612394871233
11,0.006329536437988281,0.0030401890214148686,0.0026567578315734863,0.0013342580918590588,46.41588833612777,100000,random,"{'lasso__alpha': 46.41588833612777, 'lasso__max_iter': 100000, 'lasso__selection': 'random'}",-41.036752652679624,-5.9997649388193,-7.141166342030375,-5.568143796328417,-14.936456932464427,15.07996806095733,1,-6.196167105562131,-17.870981751715977,-17.483913492071007,-17.993045055580332,-14.88602685123236,5.020612394871233
12,0.0062427520751953125,0.0025312180247015234,0.00292205810546875,0.0017585593745703908,100.0,100000,cyclic,"{'lasso__alpha': 100.0, 'lasso__max_iter': 100000, 'lasso__selection': 'cyclic'}",-41.036752652679624,-5.9997649388193,-7.141166342030375,-5.568143796328417,-14.936456932464427,15.07996806095733,1,-6.196167105562131,-17.870981751715977,-17.483913492071007,-17.993045055580332,-14.88602685123236,5.020612394871233
13,0.0060738325119018555,0.0027972469039239172,0.0021892189979553223,0.0006641651690546352,100.0,100000,random,"{'lasso__alpha': 100.0, 'lasso__max_iter': 100000, 'lasso__selection': 'random'}",-41.036752652679624,-5.9997649388193,-7.141166342030375,-5.568143796328417,-14.936456932464427,15.07996806095733,1,-6.196167105562131,-17.870981751715977,-17.483913492071007,-17.993045055580332,-14.88602685123236,5.020612394871233
14,0.005534470081329346,0.001677206781056865,0.0037099123001098633,0.0018726802810481752,215.44346900318823,100000,cyclic,"{'lasso__alpha': 215.44346900318823, 'lasso__max_iter': 100000, 'lasso__selection': 'cyclic'}",-41.036752652679624,-5.9997649388193,-7.141166342030375,-5.568143796328417,-14.936456932464427,15.07996806095733,1,-6.196167105562131,-17.870981751715977,-17.483913492071007,-17.993045055580332,-14.88602685123236,5.020612394871233
15,0.004419982433319092,0.0009407924079121993,0.002776205539703369,0.0015820606502923809,215.44346900318823,100000,random,"{'lasso__alpha': 215.44346900318823, 'lasso__max_iter': 100000, 'lasso__selection': 'random'}",-41.036752652679624,-5.9997649388193,-7.141166342030375,-5.568143796328417,-14.936456932464427,15.07996806095733,1,-6.196167105562131,-17.870981751715977,-17.483913492071007,-17.993045055580332,-14.88602685123236,5.020612394871233
16,0.006538510322570801,0.0029288057613567377,0.0024853944778442383,0.000983313322956782,464.15888336127773,100000,cyclic,"{'lasso__alpha': 464.15888336127773, 'lasso__max_iter': 100000, 'lasso__selection': 'cyclic'}",-41.036752652679624,-5.9997649388193,-7.141166342030375,-5.568143796328417,-14.936456932464427,15.07996806095733,1,-6.196167105562131,-17.870981751715977,-17.483913492071007,-17.993045055580332,-14.88602685123236,5.020612394871233
17,0.005700051784515381,0.002279615068428413,0.002375304698944092,0.000732666294266203,464.15888336127773,100000,random,"{'lasso__alpha': 464.15888336127773, 'lasso__max_iter': 100000, 'lasso__selection': 'random'}",-41.036752652679624,-5.9997649388193,-7.141166342030375,-5.568143796328417,-14.936456932464427,15.07996806095733,1,-6.196167105562131,-17.870981751715977,-17.483913492071007,-17.993045055580332,-14.88602685123236,5.020612394871233
18,0.004623055458068848,0.0016792627577146037,0.0026541948318481445,0.0014316782613625226,1000.0,100000,cyclic,"{'lasso__alpha': 1000.0, 'lasso__max_iter': 100000, 'lasso__selection': 'cyclic'}",-41.036752652679624,-5.9997649388193,-7.141166342030375,-5.568143796328417,-14.936456932464427,15.07996806095733,1,-6.196167105562131,-17.870981751715977,-17.483913492071007,-17.993045055580332,-14.88602685123236,5.020612394871233
19,0.0053321123123168945,0.002943918897242921,0.0023256540298461914,0.0009450369717908766,1000.0,100000,random,"{'lasso__alpha': 1000.0, 'lasso__max_iter': 100000, 'lasso__selection': 'random'}",-41.036752652679624,-5.9997649388193,-7.141166342030375,-5.568143796328417,-14.936456932464427,15.07996806095733,1,-6.196167105562131,-17.870981751715977,-17.483913492071007,-17.993045055580332,-14.88602685123236,5.020612394871233
0,0.003728806972503662,5.9483255516501965e-05,0.0017587542533874512,2.8164377263383294e-05,1.0,100000,cyclic,"{'lasso__alpha': 1.0, 'lasso__max_iter': 100000, 'lasso__selection': 'cyclic'}",-5.076010175849262,-8.66572705328171,-7.691540598181769,-6.9107976609370425,-7.086018872062446,1.3165268635974046,1,-7.726239522130179,-6.53281723668639,-6.85434658366864,-7.124846016880564,-7.0595623398414435,0.4382620033015636
1,0.004120945930480957,0.00041936091394666794,0.0018310546875,1.701062678771547e-05,1.0,100000,random,"{'lasso__alpha': 1.0, 'lasso__max_iter': 100000, 'lasso__selection': 'random'}",-5.076010175849262,-8.66572705328171,-7.691540598181769,-6.9107976609370425,-7.086018872062446,1.3165268635974046,1,-7.726239522130179,-6.53281723668639,-6.85434658366864,-7.124846016880564,-7.0595623398414435,0.4382620033015636
2,0.0050934553146362305,0.001757964632235277,0.0018973946571350098,2.1366997372621543e-05,2.154434690031884,100000,cyclic,"{'lasso__alpha': 2.154434690031884, 'lasso__max_iter': 100000, 'lasso__selection': 'cyclic'}",-5.076010175849262,-8.66572705328171,-7.691540598181769,-6.9107976609370425,-7.086018872062446,1.3165268635974046,1,-7.726239522130179,-6.53281723668639,-6.85434658366864,-7.124846016880564,-7.0595623398414435,0.4382620033015636
3,0.008511126041412354,0.003314805029086484,0.0033981800079345703,0.001630203959187134,2.154434690031884,100000,random,"{'lasso__alpha': 2.154434690031884, 'lasso__max_iter': 100000, 'lasso__selection': 'random'}",-5.076010175849262,-8.66572705328171,-7.691540598181769,-6.9107976609370425,-7.086018872062446,1.3165268635974046,1,-7.726239522130179,-6.53281723668639,-6.85434658366864,-7.124846016880564,-7.0595623398414435,0.4382620033015636
4,0.005248904228210449,0.001096788442140682,0.0037190914154052734,0.0020487719688963794,4.641588833612778,100000,cyclic,"{'lasso__alpha': 4.641588833612778, 'lasso__max_iter': 100000, 'lasso__selection': 'cyclic'}",-5.076010175849262,-8.66572705328171,-7.691540598181769,-6.9107976609370425,-7.086018872062446,1.3165268635974046,1,-7.726239522130179,-6.53281723668639,-6.85434658366864,-7.124846016880564,-7.0595623398414435,0.4382620033015636
5,0.0056588053703308105,0.001485948928656967,0.0031363964080810547,0.0018161607993493272,4.641588833612778,100000,random,"{'lasso__alpha': 4.641588833612778, 'lasso__max_iter': 100000, 'lasso__selection': 'random'}",-5.076010175849262,-8.66572705328171,-7.691540598181769,-6.9107976609370425,-7.086018872062446,1.3165268635974046,1,-7.726239522130179,-6.53281723668639,-6.85434658366864,-7.124846016880564,-7.0595623398414435,0.4382620033015636
6,0.00654149055480957,0.0018048030616504332,0.002121269702911377,0.00035272678633509213,10.0,100000,cyclic,"{'lasso__alpha': 10.0, 'lasso__max_iter': 100000, 'lasso__selection': 'cyclic'}",-5.076010175849262,-8.66572705328171,-7.691540598181769,-6.9107976609370425,-7.086018872062446,1.3165268635974046,1,-7.726239522130179,-6.53281723668639,-6.85434658366864,-7.124846016880564,-7.0595623398414435,0.4382620033015636
7,0.006583034992218018,0.002377070182107317,0.0028496384620666504,0.0016533910008875302,10.0,100000,random,"{'lasso__alpha': 10.0, 'lasso__max_iter': 100000, 'lasso__selection': 'random'}",-5.076010175849262,-8.66572705328171,-7.691540598181769,-6.9107976609370425,-7.086018872062446,1.3165268635974046,1,-7.726239522130179,-6.53281723668639,-6.85434658366864,-7.124846016880564,-7.0595623398414435,0.4382620033015636
8,0.00487828254699707,0.002004224019343462,0.0026134848594665527,0.001297737845029846,21.544346900318832,100000,cyclic,"{'lasso__alpha': 21.544346900318832, 'lasso__max_iter': 100000, 'lasso__selection': 'cyclic'}",-5.076010175849262,-8.66572705328171,-7.691540598181769,-6.9107976609370425,-7.086018872062446,1.3165268635974046,1,-7.726239522130179,-6.53281723668639,-6.85434658366864,-7.124846016880564,-7.0595623398414435,0.4382620033015636
9,0.0038997530937194824,7.440309597549383e-05,0.002284109592437744,0.0007160615628532287,21.544346900318832,100000,random,"{'lasso__alpha': 21.544346900318832, 'lasso__max_iter': 100000, 'lasso__selection': 'random'}",-5.076010175849262,-8.66572705328171,-7.691540598181769,-6.9107976609370425,-7.086018872062446,1.3165268635974046,1,-7.726239522130179,-6.53281723668639,-6.85434658366864,-7.124846016880564,-7.0595623398414435,0.4382620033015636
10,0.005301713943481445,0.0026960914727057485,0.00192338228225708,8.153555939514088e-05,46.41588833612777,100000,cyclic,"{'lasso__alpha': 46.41588833612777, 'lasso__max_iter': 100000, 'lasso__selection': 'cyclic'}",-5.076010175849262,-8.66572705328171,-7.691540598181769,-6.9107976609370425,-7.086018872062446,1.3165268635974046,1,-7.726239522130179,-6.53281723668639,-6.85434658366864,-7.124846016880564,-7.0595623398414435,0.4382620033015636
11,0.006959259510040283,0.0032562207803051046,0.0019207000732421875,6.694533031909885e-05,46.41588833612777,100000,random,"{'lasso__alpha': 46.41588833612777, 'lasso__max_iter': 100000, 'lasso__selection': 'random'}",-5.076010175849262,-8.66572705328171,-7.691540598181769,-6.9107976609370425,-7.086018872062446,1.3165268635974046,1,-7.726239522130179,-6.53281723668639,-6.85434658366864,-7.124846016880564,-7.0595623398414435,0.4382620033015636
12,0.00680917501449585,0.003485873455930865,0.0018952488899230957,4.885265191381181e-05,100.0,100000,cyclic,"{'lasso__alpha': 100.0, 'lasso__max_iter': 100000, 'lasso__selection': 'cyclic'}",-5.076010175849262,-8.66572705328171,-7.691540598181769,-6.9107976609370425,-7.086018872062446,1.3165268635974046,1,-7.726239522130179,-6.53281723668639,-6.85434658366864,-7.124846016880564,-7.0595623398414435,0.4382620033015636
13,0.0053789615631103516,0.0027984722808721404,0.00298309326171875,0.0019244536068410499,100.0,100000,random,"{'lasso__alpha': 100.0, 'lasso__max_iter': 100000, 'lasso__selection': 'random'}",-5.076010175849262,-8.66572705328171,-7.691540598181769,-6.9107976609370425,-7.086018872062446,1.3165268635974046,1,-7.726239522130179,-6.53281723668639,-6.85434658366864,-7.124846016880564,-7.0595623398414435,0.4382620033015636
14,0.005690515041351318,0.002605135590232825,0.0031058192253112793,0.002175827934485373,215.44346900318823,100000,cyclic,"{'lasso__alpha': 215.44346900318823, 'lasso__max_iter': 100000, 'lasso__selection': 'cyclic'}",-5.076010175849262,-8.66572705328171,-7.691540598181769,-6.9107976609370425,-7.086018872062446,1.3165268635974046,1,-7.726239522130179,-6.53281723668639,-6.85434658366864,-7.124846016880564,-7.0595623398414435,0.4382620033015636
15,0.005391955375671387,0.0013553404171788733,0.003917276859283447,0.0024155589595578853,215.44346900318823,100000,random,"{'lasso__alpha': 215.44346900318823, 'lasso__max_iter': 100000, 'lasso__selection': 'random'}",-5.076010175849262,-8.66572705328171,-7.691540598181769,-6.9107976609370425,-7.086018872062446,1.3165268635974046,1,-7.726239522130179,-6.53281723668639,-6.85434658366864,-7.124846016880564,-7.0595623398414435,0.4382620033015636
16,0.006002843379974365,0.0029250931970535477,0.0028426647186279297,0.0011718468892431312,464.15888336127773,100000,cyclic,"{'lasso__alpha': 464.15888336127773, 'lasso__max_iter': 100000, 'lasso__selection': 'cyclic'}",-5.076010175849262,-8.66572705328171,-7.691540598181769,-6.9107976609370425,-7.086018872062446,1.3165268635974046,1,-7.726239522130179,-6.53281723668639,-6.85434658366864,-7.124846016880564,-7.0595623398414435,0.4382620033015636
17,0.006663382053375244,0.0026037462778505994,0.0019330978393554688,7.643295825945279e-05,464.15888336127773,100000,random,"{'lasso__alpha': 464.15888336127773, 'lasso__max_iter': 100000, 'lasso__selection': 'random'}",-5.076010175849262,-8.66572705328171,-7.691540598181769,-6.9107976609370425,-7.086018872062446,1.3165268635974046,1,-7.726239522130179,-6.53281723668639,-6.85434658366864,-7.124846016880564,-7.0595623398414435,0.4382620033015636
18,0.006147503852844238,0.0026356975695072983,0.0019274353981018066,9.533768055697725e-05,1000.0,100000,cyclic,"{'lasso__alpha': 1000.0, 'lasso__max_iter': 100000, 'lasso__selection': 'cyclic'}",-5.076010175849262,-8.66572705328171,-7.691540598181769,-6.9107976609370425,-7.086018872062446,1.3165268635974046,1,-7.726239522130179,-6.53281723668639,-6.85434658366864,-7.124846016880564,-7.0595623398414435,0.4382620033015636
19,0.005566537380218506,0.0032197465814007868,0.0023244619369506836,0.0009348933716346666,1000.0,100000,random,"{'lasso__alpha': 1000.0, 'lasso__max_iter': 100000, 'lasso__selection': 'random'}",-5.076010175849262,-8.66572705328171,-7.691540598181769,-6.9107976609370425,-7.086018872062446,1.3165268635974046,1,-7.726239522130179,-6.53281723668639,-6.85434658366864,-7.124846016880564,-7.0595623398414435,0.4382620033015636
0,0.0041967034339904785,0.0002950156745883997,0.0035576224327087402,0.001416602438300362,1.0,100000,cyclic,"{'lasso__alpha': 1.0, 'lasso__max_iter': 100000, 'lasso__selection': 'cyclic'}",-7.760143254401877,-8.448143995977423,-6.677867632863416,-6.741290073495578,-7.406861239184574,0.7388326293085348,1,-7.285310307455623,-7.05421246485207,-7.6449793136094675,-7.623545736796279,-7.4020119556783595,0.24631997163920494
1,0.0058116912841796875,0.001565563885655052,0.004376113414764404,0.0010181147434548852,1.0,100000,random,"{'lasso__alpha': 1.0, 'lasso__max_iter': 100000, 'lasso__selection': 'random'}",-7.760143254401877,-8.448143995977423,-6.677867632863416,-6.741290073495578,-7.406861239184574,0.7388326293085348,1,-7.285310307455623,-7.05421246485207,-7.6449793136094675,-7.623545736796279,-7.4020119556783595,0.24631997163920494
2,0.006230056285858154,0.0021104381701070444,0.004940927028656006,0.0026549764431237563,2.154434690031884,100000,cyclic,"{'lasso__alpha': 2.154434690031884, 'lasso__max_iter': 100000, 'lasso__selection': 'cyclic'}",-7.760143254401877,-8.448143995977423,-6.677867632863416,-6.741290073495578,-7.406861239184574,0.7388326293085348,1,-7.285310307455623,-7.05421246485207,-7.6449793136094675,-7.623545736796279,-7.4020119556783595,0.24631997163920494
3,0.009526968002319336,0.0028458528266764697,0.00336378812789917,0.0007080035584104291,2.154434690031884,100000,random,"{'lasso__alpha': 2.154434690031884, 'lasso__max_iter': 100000, 'lasso__selection': 'random'}",-7.760143254401877,-8.448143995977423,-6.677867632863416,-6.741290073495578,-7.406861239184574,0.7388326293085348,1,-7.285310307455623,-7.05421246485207,-7.6449793136094675,-7.623545736796279,-7.4020119556783595,0.24631997163920494
4,0.007392823696136475,0.0018004906087460322,0.005362510681152344,0.0019146235650762409,4.641588833612778,100000,cyclic,"{'lasso__alpha': 4.641588833612778, 'lasso__max_iter': 100000, 'lasso__selection': 'cyclic'}",-7.760143254401877,-8.448143995977423,-6.677867632863416,-6.741290073495578,-7.406861239184574,0.7388326293085348,1,-7.285310307455623,-7.05421246485207,-7.6449793136094675,-7.623545736796279,-7.4020119556783595,0.24631997163920494
5,0.007116079330444336,0.0013220315800795478,0.003952920436859131,0.0011678596781964793,4.641588833612778,100000,random,"{'lasso__alpha': 4.641588833612778, 'lasso__max_iter': 100000, 'lasso__selection': 'random'}",-7.760143254401877,-8.448143995977423,-6.677867632863416,-6.741290073495578,-7.406861239184574,0.7388326293085348,1,-7.285310307455623,-7.05421246485207,-7.6449793136094675,-7.623545736796279,-7.4020119556783595,0.24631997163920494
6,0.015306353569030762,0.0038874218431666947,0.004922926425933838,0.002892003882789283,10.0,100000,cyclic,"{'lasso__alpha': 10.0, 'lasso__max_iter': 100000, 'lasso__selection': 'cyclic'}",-7.760143254401877,-8.448143995977423,-6.677867632863416,-6.741290073495578,-7.406861239184574,0.7388326293085348,1,-7.285310307455623,-7.05421246485207,-7.6449793136094675,-7.623545736796279,-7.4020119556783595,0.24631997163920494
7,0.007202029228210449,0.0015739626944829303,0.00344926118850708,0.0022546587541899727,10.0,100000,random,"{'lasso__alpha': 10.0, 'lasso__max_iter': 100000, 'lasso__selection': 'random'}",-7.760143254401877,-8.448143995977423,-6.677867632863416,-6.741290073495578,-7.406861239184574,0.7388326293085348,1,-7.285310307455623,-7.05421246485207,-7.6449793136094675,-7.623545736796279,-7.4020119556783595,0.24631997163920494
8,0.010520577430725098,0.005988617996314052,0.0037143826484680176,0.0013937069737406165,21.544346900318832,100000,cyclic,"{'lasso__alpha': 21.544346900318832, 'lasso__max_iter': 100000, 'lasso__selection': 'cyclic'}",-7.760143254401877,-8.448143995977423,-6.677867632863416,-6.741290073495578,-7.406861239184574,0.7388326293085348,1,-7.285310307455623,-7.05421246485207,-7.6449793136094675,-7.623545736796279,-7.4020119556783595,0.24631997163920494
9,0.009528517723083496,0.002359630896656966,0.004589974880218506,0.0016245095406777733,21.544346900318832,100000,random,"{'lasso__alpha': 21.544346900318832, 'lasso__max_iter': 100000, 'lasso__selection': 'random'}",-7.760143254401877,-8.448143995977423,-6.677867632863416,-6.741290073495578,-7.406861239184574,0.7388326293085348,1,-7.285310307455623,-7.05421246485207,-7.6449793136094675,-7.623545736796279,-7.4020119556783595,0.24631997163920494
10,0.009104907512664795,0.0033861361676110107,0.005040407180786133,0.0019147075239634725,46.41588833612777,100000,cyclic,"{'lasso__alpha': 46.41588833612777, 'lasso__max_iter': 100000, 'lasso__selection': 'cyclic'}",-7.760143254401877,-8.448143995977423,-6.677867632863416,-6.741290073495578,-7.406861239184574,0.7388326293085348,1,-7.285310307455623,-7.05421246485207,-7.6449793136094675,-7.623545736796279,-7.4020119556783595,0.24631997163920494
11,0.010285556316375732,0.004429625281345299,0.0051670074462890625,0.002785907737371809,46.41588833612777,100000,random,"{'lasso__alpha': 46.41588833612777, 'lasso__max_iter': 100000, 'lasso__selection': 'random'}",-7.760143254401877,-8.448143995977423,-6.677867632863416,-6.741290073495578,-7.406861239184574,0.7388326293085348,1,-7.285310307455623,-7.05421246485207,-7.6449793136094675,-7.623545736796279,-7.4020119556783595,0.24631997163920494
12,0.007310450077056885,0.0029698712124929623,0.003765285015106201,0.0017189319538981694,100.0,100000,cyclic,"{'lasso__alpha': 100.0, 'lasso__max_iter': 100000, 'lasso__selection': 'cyclic'}",-7.760143254401877,-8.448143995977423,-6.677867632863416,-6.741290073495578,-7.406861239184574,0.7388326293085348,1,-7.285310307455623,-7.05421246485207,-7.6449793136094675,-7.623545736796279,-7.4020119556783595,0.24631997163920494
13,0.007221698760986328,0.0014705420524168409,0.003342747688293457,0.0014381308938260391,100.0,100000,random,"{'lasso__alpha': 100.0, 'lasso__max_iter': 100000, 'lasso__selection': 'random'}",-7.760143254401877,-8.448143995977423,-6.677867632863416,-6.741290073495578,-7.406861239184574,0.7388326293085348,1,-7.285310307455623,-7.05421246485207,-7.6449793136094675,-7.623545736796279,-7.4020119556783595,0.24631997163920494
14,0.010392487049102783,0.0024977643879542074,0.0026164650917053223,0.0006141594657009413,215.44346900318823,100000,cyclic,"{'lasso__alpha': 215.44346900318823, 'lasso__max_iter': 100000, 'lasso__selection': 'cyclic'}",-7.760143254401877,-8.448143995977423,-6.677867632863416,-6.741290073495578,-7.406861239184574,0.7388326293085348,1,-7.285310307455623,-7.05421246485207,-7.6449793136094675,-7.623545736796279,-7.4020119556783595,0.24631997163920494
15,0.004852473735809326,0.0010695357325280104,0.0021386146545410156,0.00020087214529973597,215.44346900318823,100000,random,"{'lasso__alpha': 215.44346900318823, 'lasso__max_iter': 100000, 'lasso__selection': 'random'}",-7.760143254401877,-8.448143995977423,-6.677867632863416,-6.741290073495578,-7.406861239184574,0.7388326293085348,1,-7.285310307455623,-7.05421246485207,-7.6449793136094675,-7.623545736796279,-7.4020119556783595,0.24631997163920494
16,0.007601499557495117,0.002351842988404524,0.0029494762420654297,0.0012658359867776376,464.15888336127773,100000,cyclic,"{'lasso__alpha': 464.15888336127773, 'lasso__max_iter': 100000, 'lasso__selection': 'cyclic'}",-7.760143254401877,-8.448143995977423,-6.677867632863416,-6.741290073495578,-7.406861239184574,0.7388326293085348,1,-7.285310307455623,-7.05421246485207,-7.6449793136094675,-7.623545736796279,-7.4020119556783595,0.24631997163920494
17,0.007415950298309326,0.002008203996881911,0.003206312656402588,0.0015799643995410243,464.15888336127773,100000,random,"{'lasso__alpha': 464.15888336127773, 'lasso__max_iter': 100000, 'lasso__selection': 'random'}",-7.760143254401877,-8.448143995977423,-6.677867632863416,-6.741290073495578,-7.406861239184574,0.7388326293085348,1,-7.285310307455623,-7.05421246485207,-7.6449793136094675,-7.623545736796279,-7.4020119556783595,0.24631997163920494
18,0.005555927753448486,0.0005762815119133081,0.0050296783447265625,0.0016485267100281949,1000.0,100000,cyclic,"{'lasso__alpha': 1000.0, 'lasso__max_iter': 100000, 'lasso__selection': 'cyclic'}",-7.760143254401877,-8.448143995977423,-6.677867632863416,-6.741290073495578,-7.406861239184574,0.7388326293085348,1,-7.285310307455623,-7.05421246485207,-7.6449793136094675,-7.623545736796279,-7.4020119556783595,0.24631997163920494
19,0.006104588508605957,0.0025357447242402315,0.003557443618774414,0.0019035012213938426,1000.0,100000,random,"{'lasso__alpha': 1000.0, 'lasso__max_iter': 100000, 'lasso__selection': 'random'}",-7.760143254401877,-8.448143995977423,-6.677867632863416,-6.741290073495578,-7.406861239184574,0.7388326293085348,1,-7.285310307455623,-7.05421246485207,-7.6449793136094675,-7.623545736796279,-7.4020119556783595,0.24631997163920494
0,0.004132509231567383,0.0006141233827228228,0.0018494129180908203,0.00016109140819866956,1.0,100000,cyclic,"{'lasso__alpha': 1.0, 'lasso__max_iter': 100000, 'lasso__selection': 'cyclic'}",-5.678689124682466,-7.488422330651977,-7.885710853514028,-38.304259749800025,-14.839270514662124,13.573033303144607,1,-17.854153062485207,-17.248294130177516,-17.113411900828403,-7.006646048971097,-14.805626285615556,4.511377530353186
1,0.0038781166076660156,5.92411401009998e-05,0.0018537044525146484,1.805774826203492e-05,1.0,100000,random,"{'lasso__alpha': 1.0, 'lasso__max_iter': 100000, 'lasso__selection': 'random'}",-5.678689124682466,-7.488422330651977,-7.885710853514028,-38.304259749800025,-14.839270514662124,13.573033303144607,1,-17.854153062485207,-17.248294130177516,-17.113411900828403,-7.006646048971097,-14.805626285615556,4.511377530353186
2,0.004833102226257324,0.0015860873207469068,0.0019016861915588379,8.328650240846273e-05,2.154434690031884,100000,cyclic,"{'lasso__alpha': 2.154434690031884, 'lasso__max_iter': 100000, 'lasso__selection': 'cyclic'}",-5.678689124682466,-7.488422330651977,-7.885710853514028,-38.304259749800025,-14.839270514662124,13.573033303144607,1,-17.854153062485207,-17.248294130177516,-17.113411900828403,-7.006646048971097,-14.805626285615556,4.511377530353186
3,0.004529058933258057,0.0005570620731982058,0.0018854141235351562,0.000202606770252235,2.154434690031884,100000,random,"{'lasso__alpha': 2.154434690031884, 'lasso__max_iter': 100000, 'lasso__selection': 'random'}",-5.678689124682466,-7.488422330651977,-7.885710853514028,-38.304259749800025,-14.839270514662124,13.573033303144607,1,-17.854153062485207,-17.248294130177516,-17.113411900828403,-7.006646048971097,-14.805626285615556,4.511377530353186
4,0.005037426948547363,0.002119674992842146,0.002312183380126953,0.0004400652541062351,4.641588833612778,100000,cyclic,"{'lasso__alpha': 4.641588833612778, 'lasso__max_iter': 100000, 'lasso__selection': 'cyclic'}",-5.678689124682466,-7.488422330651977,-7.885710853514028,-38.304259749800025,-14.839270514662124,13.573033303144607,1,-17.854153062485207,-17.248294130177516,-17.113411900828403,-7.006646048971097,-14.805626285615556,4.511377530353186
5,0.005245327949523926,0.0024508209310604356,0.002888798713684082,0.0017591082005195212,4.641588833612778,100000,random,"{'lasso__alpha': 4.641588833612778, 'lasso__max_iter': 100000, 'lasso__selection': 'random'}",-5.678689124682466,-7.488422330651977,-7.885710853514028,-38.304259749800025,-14.839270514662124,13.573033303144607,1,-17.854153062485207,-17.248294130177516,-17.113411900828403,-7.006646048971097,-14.805626285615556,4.511377530353186
6,0.0066825151443481445,0.0023719423790133187,0.002677440643310547,0.0014466665423310647,10.0,100000,cyclic,"{'lasso__alpha': 10.0, 'lasso__max_iter': 100000, 'lasso__selection': 'cyclic'}",-5.678689124682466,-7.488422330651977,-7.885710853514028,-38.304259749800025,-14.839270514662124,13.573033303144607,1,-17.854153062485207,-17.248294130177516,-17.113411900828403,-7.006646048971097,-14.805626285615556,4.511377530353186
7,0.004916727542877197,0.0013101739296771664,0.0019688010215759277,0.0003106392976405935,10.0,100000,random,"{'lasso__alpha': 10.0, 'lasso__max_iter': 100000, 'lasso__selection': 'random'}",-5.678689124682466,-7.488422330651977,-7.885710853514028,-38.304259749800025,-14.839270514662124,13.573033303144607,1,-17.854153062485207,-17.248294130177516,-17.113411900828403,-7.006646048971097,-14.805626285615556,4.511377530353186
8,0.005081474781036377,0.001510394789698094,0.0018787980079650879,7.407365880533256e-05,21.544346900318832,100000,cyclic,"{'lasso__alpha': 21.544346900318832, 'lasso__max_iter': 100000, 'lasso__selection': 'cyclic'}",-5.678689124682466,-7.488422330651977,-7.885710853514028,-38.304259749800025,-14.839270514662124,13.573033303144607,1,-17.854153062485207,-17.248294130177516,-17.113411900828403,-7.006646048971097,-14.805626285615556,4.511377530353186
9,0.00394970178604126,0.0002041729331401826,0.0038155317306518555,0.001893925585172244,21.544346900318832,100000,random,"{'lasso__alpha': 21.544346900318832, 'lasso__max_iter': 100000, 'lasso__selection': 'random'}",-5.678689124682466,-7.488422330651977,-7.885710853514028,-38.304259749800025,-14.839270514662124,13.573033303144607,1,-17.854153062485207,-17.248294130177516,-17.113411900828403,-7.006646048971097,-14.805626285615556,4.511377530353186
10,0.00649946928024292,0.002382270343814617,0.003265380859375,0.0016163405093402264,46.41588833612777,100000,cyclic,"{'lasso__alpha': 46.41588833612777, 'lasso__max_iter': 100000, 'lasso__selection': 'cyclic'}",-5.678689124682466,-7.488422330651977,-7.885710853514028,-38.304259749800025,-14.839270514662124,13.573033303144607,1,-17.854153062485207,-17.248294130177516,-17.113411900828403,-7.006646048971097,-14.805626285615556,4.511377530353186
11,0.006686091423034668,0.0029312044960825476,0.0035611987113952637,0.0017754751558911018,46.41588833612777,100000,random,"{'lasso__alpha': 46.41588833612777, 'lasso__max_iter': 100000, 'lasso__selection': 'random'}",-5.678689124682466,-7.488422330651977,-7.885710853514028,-38.304259749800025,-14.839270514662124,13.573033303144607,1,-17.854153062485207,-17.248294130177516,-17.113411900828403,-7.006646048971097,-14.805626285615556,4.511377530353186
12,0.006658315658569336,0.0030017044687789206,0.002643764019012451,0.001310653150663988,100.0,100000,cyclic,"{'lasso__alpha': 100.0, 'lasso__max_iter': 100000, 'lasso__selection': 'cyclic'}",-5.678689124682466,-7.488422330651977,-7.885710853514028,-38.304259749800025,-14.839270514662124,13.573033303144607,1,-17.854153062485207,-17.248294130177516,-17.113411900828403,-7.006646048971097,-14.805626285615556,4.511377530353186
13,0.0070362091064453125,0.003361101316671101,0.0018661022186279297,8.768116750931179e-05,100.0,100000,random,"{'lasso__alpha': 100.0, 'lasso__max_iter': 100000, 'lasso__selection': 'random'}",-5.678689124682466,-7.488422330651977,-7.885710853514028,-38.304259749800025,-14.839270514662124,13.573033303144607,1,-17.854153062485207,-17.248294130177516,-17.113411900828403,-7.006646048971097,-14.805626285615556,4.511377530353186
14,0.003949582576751709,0.0003757992402500529,0.0018216371536254883,3.065765353070494e-05,215.44346900318823,100000,cyclic,"{'lasso__alpha': 215.44346900318823, 'lasso__max_iter': 100000, 'lasso__selection': 'cyclic'}",-5.678689124682466,-7.488422330651977,-7.885710853514028,-38.304259749800025,-14.839270514662124,13.573033303144607,1,-17.854153062485207,-17.248294130177516,-17.113411900828403,-7.006646048971097,-14.805626285615556,4.511377530353186
15,0.004310131072998047,0.0009869857519904796,0.0028421878814697266,0.0017632145635066237,215.44346900318823,100000,random,"{'lasso__alpha': 215.44346900318823, 'lasso__max_iter': 100000, 'lasso__selection': 'random'}",-5.678689124682466,-7.488422330651977,-7.885710853514028,-38.304259749800025,-14.839270514662124,13.573033303144607,1,-17.854153062485207,-17.248294130177516,-17.113411900828403,-7.006646048971097,-14.805626285615556,4.511377530353186
16,0.005704283714294434,0.0024587058038012108,0.002856016159057617,0.0013027876532043729,464.15888336127773,100000,cyclic,"{'lasso__alpha': 464.15888336127773, 'lasso__max_iter': 100000, 'lasso__selection': 'cyclic'}",-5.678689124682466,-7.488422330651977,-7.885710853514028,-38.304259749800025,-14.839270514662124,13.573033303144607,1,-17.854153062485207,-17.248294130177516,-17.113411900828403,-7.006646048971097,-14.805626285615556,4.511377530353186
17,0.005281984806060791,0.0016451697517216705,0.0031439661979675293,0.0015777178054281159,464.15888336127773,100000,random,"{'lasso__alpha': 464.15888336127773, 'lasso__max_iter': 100000, 'lasso__selection': 'random'}",-5.678689124682466,-7.488422330651977,-7.885710853514028,-38.304259749800025,-14.839270514662124,13.573033303144607,1,-17.854153062485207,-17.248294130177516,-17.113411900828403,-7.006646048971097,-14.805626285615556,4.511377530353186
18,0.005628705024719238,0.003525692313333196,0.0018902420997619629,0.0001370158587346258,1000.0,100000,cyclic,"{'lasso__alpha': 1000.0, 'lasso__max_iter': 100000, 'lasso__selection': 'cyclic'}",-5.678689124682466,-7.488422330651977,-7.885710853514028,-38.304259749800025,-14.839270514662124,13.573033303144607,1,-17.854153062485207,-17.248294130177516,-17.113411900828403,-7.006646048971097,-14.805626285615556,4.511377530353186
19,0.00645899772644043,0.004665648871907143,0.002481222152709961,0.0007975761282216721,1000.0,100000,random,"{'lasso__alpha': 1000.0, 'lasso__max_iter': 100000, 'lasso__selection': 'random'}",-5.678689124682466,-7.488422330651977,-7.885710853514028,-38.304259749800025,-14.839270514662124,13.573033303144607,1,-17.854153062485207,-17.248294130177516,-17.113411900828403,-7.006646048971097,-14.805626285615556,4.511377530353186
0,0.0038539767265319824,5.5183054010569065e-05,0.0018558502197265625,3.333045689015081e-05,1.0,100000,cyclic,"{'lasso__alpha': 1.0, 'lasso__max_iter': 100000, 'lasso__selection': 'cyclic'}",-7.339061914511494,-8.990050097753652,-5.172423567036229,-39.474498504765336,-15.244008521016678,14.054835868388768,1,-17.68127426840237,-17.13622697775148,-18.41378770556213,-7.070186655529364,-15.075368901811336,4.643970868077787
1,0.004525482654571533,0.0007858948224410508,0.0032541751861572266,0.001223711338875316,1.0,100000,random,"{'lasso__alpha': 1.0, 'lasso__max_iter': 100000, 'lasso__selection': 'random'}",-7.339061914511494,-8.990050097753652,-5.172423567036229,-39.474498504765336,-15.244008521016678,14.054835868388768,1,-17.68127426840237,-17.13622697775148,-18.41378770556213,-7.070186655529364,-15.075368901811336,4.643970868077787
2,0.009945809841156006,0.002502737818306819,0.002237975597381592,0.00021433799596972484,2.154434690031884,100000,cyclic,"{'lasso__alpha': 2.154434690031884, 'lasso__max_iter': 100000, 'lasso__selection': 'cyclic'}",-7.339061914511494,-8.990050097753652,-5.172423567036229,-39.474498504765336,-15.244008521016678,14.054835868388768,1,-17.68127426840237,-17.13622697775148,-18.41378770556213,-7.070186655529364,-15.075368901811336,4.643970868077787
3,0.006222069263458252,0.002266898628183634,0.00219571590423584,0.00035909564099111574,2.154434690031884,100000,random,"{'lasso__alpha': 2.154434690031884, 'lasso__max_iter': 100000, 'lasso__selection': 'random'}",-7.339061914511494,-8.990050097753652,-5.172423567036229,-39.474498504765336,-15.244008521016678,14.054835868388768,1,-17.68127426840237,-17.13622697775148,-18.41378770556213,-7.070186655529364,-15.075368901811336,4.643970868077787
4,0.005362749099731445,0.0014233899772073044,0.0036094188690185547,0.0003375924154518559,4.641588833612778,100000,cyclic,"{'lasso__alpha': 4.641588833612778, 'lasso__max_iter': 100000, 'lasso__selection': 'cyclic'}",-7.339061914511494,-8.990050097753652,-5.172423567036229,-39.474498504765336,-15.244008521016678,14.054835868388768,1,-17.68127426840237,-17.13622697775148,-18.41378770556213,-7.070186655529364,-15.075368901811336,4.643970868077787
5,0.008796632289886475,0.00385650519102301,0.0027129650115966797,0.0010389878059248962,4.641588833612778,100000,random,"{'lasso__alpha': 4.641588833612778, 'lasso__max_iter': 100000, 'lasso__selection': 'random'}",-7.339061914511494,-8.990050097753652,-5.172423567036229,-39.474498504765336,-15.244008521016678,14.054835868388768,1,-17.68127426840237,-17.13622697775148,-18.41378770556213,-7.070186655529364,-15.075368901811336,4.643970868077787
6,0.0058991312980651855,0.0015165560909485539,0.002337813377380371,0.000581589577865336,10.0,100000,cyclic,"{'lasso__alpha': 10.0, 'lasso__max_iter': 100000, 'lasso__selection': 'cyclic'}",-7.339061914511494,-8.990050097753652,-5.172423567036229,-39.474498504765336,-15.244008521016678,14.054835868388768,1,-17.68127426840237,-17.13622697775148,-18.41378770556213,-7.070186655529364,-15.075368901811336,4.643970868077787
7,0.008560359477996826,0.002240754056983042,0.002554178237915039,0.0008696037661206188,10.0,100000,random,"{'lasso__alpha': 10.0, 'lasso__max_iter': 100000, 'lasso__selection': 'random'}",-7.339061914511494,-8.990050097753652,-5.172423567036229,-39.474498504765336,-15.244008521016678,14.054835868388768,1,-17.68127426840237,-17.13622697775148,-18.41378770556213,-7.070186655529364,-15.075368901811336,4.643970868077787
8,0.010013222694396973,0.004709816080927775,0.0042912960052490234,0.0013923191649423934,21.544346900318832,100000,cyclic,"{'lasso__alpha': 21.544346900318832, 'lasso__max_iter': 100000, 'lasso__selection': 'cyclic'}",-7.339061914511494,-8.990050097753652,-5.172423567036229,-39.474498504765336,-15.244008521016678,14.054835868388768,1,-17.68127426840237,-17.13622697775148,-18.41378770556213,-7.070186655529364,-15.075368901811336,4.643970868077787
9,0.007033884525299072,0.0014429208166526512,0.0044005513191223145,0.0016036521765575012,21.544346900318832,100000,random,"{'lasso__alpha': 21.544346900318832, 'lasso__max_iter': 100000, 'lasso__selection': 'random'}",-7.339061914511494,-8.990050097753652,-5.172423567036229,-39.474498504765336,-15.244008521016678,14.054835868388768,1,-17.68127426840237,-17.13622697775148,-18.41378770556213,-7.070186655529364,-15.075368901811336,4.643970868077787
10,0.009229123592376709,0.00348796484748388,0.005594074726104736,0.0011167347121161207,46.41588833612777,100000,cyclic,"{'lasso__alpha': 46.41588833612777, 'lasso__max_iter': 100000, 'lasso__selection': 'cyclic'}",-7.339061914511494,-8.990050097753652,-5.172423567036229,-39.474498504765336,-15.244008521016678,14.054835868388768,1,-17.68127426840237,-17.13622697775148,-18.41378770556213,-7.070186655529364,-15.075368901811336,4.643970868077787
11,0.009833693504333496,0.004369333262194464,0.004645287990570068,0.0019522482349433724,46.41588833612777,100000,random,"{'lasso__alpha': 46.41588833612777, 'lasso__max_iter': 100000, 'lasso__selection': 'random'}",-7.339061914511494,-8.990050097753652,-5.172423567036229,-39.474498504765336,-15.244008521016678,14.054835868388768,1,-17.68127426840237,-17.13622697775148,-18.41378770556213,-7.070186655529364,-15.075368901811336,4.643970868077787
12,0.009232699871063232,0.0032794204348831463,0.00618356466293335,0.0017582505606957134,100.0,100000,cyclic,"{'lasso__alpha': 100.0, 'lasso__max_iter': 100000, 'lasso__selection': 'cyclic'}",-7.339061914511494,-8.990050097753652,-5.172423567036229,-39.474498504765336,-15.244008521016678,14.054835868388768,1,-17.68127426840237,-17.13622697775148,-18.41378770556213,-7.070186655529364,-15.075368901811336,4.643970868077787
13,0.007875800132751465,0.001468287211453659,0.0033876895904541016,0.0012102889135805375,100.0,100000,random,"{'lasso__alpha': 100.0, 'lasso__max_iter': 100000, 'lasso__selection': 'random'}",-7.339061914511494,-8.990050097753652,-5.172423567036229,-39.474498504765336,-15.244008521016678,14.054835868388768,1,-17.68127426840237,-17.13622697775148,-18.41378770556213,-7.070186655529364,-15.075368901811336,4.643970868077787
14,0.009983301162719727,0.0019251358301485464,0.0039542317390441895,0.002047096875811914,215.44346900318823,100000,cyclic,"{'lasso__alpha': 215.44346900318823, 'lasso__max_iter': 100000, 'lasso__selection': 'cyclic'}",-7.339061914511494,-8.990050097753652,-5.172423567036229,-39.474498504765336,-15.244008521016678,14.054835868388768,1,-17.68127426840237,-17.13622697775148,-18.41378770556213,-7.070186655529364,-15.075368901811336,4.643970868077787
15,0.008432507514953613,0.0028180097371944945,0.004695296287536621,0.000999254695623588,215.44346900318823,100000,random,"{'lasso__alpha': 215.44346900318823, 'lasso__max_iter': 100000, 'lasso__selection': 'random'}",-7.339061914511494,-8.990050097753652,-5.172423567036229,-39.474498504765336,-15.244008521016678,14.054835868388768,1,-17.68127426840237,-17.13622697775148,-18.41378770556213,-7.070186655529364,-15.075368901811336,4.643970868077787
16,0.008037030696868896,0.0018560230251415785,0.0056951045989990234,0.004236519007552839,464.15888336127773,100000,cyclic,"{'lasso__alpha': 464.15888336127773, 'lasso__max_iter': 100000, 'lasso__selection': 'cyclic'}",-7.339061914511494,-8.990050097753652,-5.172423567036229,-39.474498504765336,-15.244008521016678,14.054835868388768,1,-17.68127426840237,-17.13622697775148,-18.41378770556213,-7.070186655529364,-15.075368901811336,4.643970868077787
17,0.01112222671508789,0.003122611542324442,0.004374325275421143,0.002027000942436922,464.15888336127773,100000,random,"{'lasso__alpha': 464.15888336127773, 'lasso__max_iter': 100000, 'lasso__selection': 'random'}",-7.339061914511494,-8.990050097753652,-5.172423567036229,-39.474498504765336,-15.244008521016678,14.054835868388768,1,-17.68127426840237,-17.13622697775148,-18.41378770556213,-7.070186655529364,-15.075368901811336,4.643970868077787
18,0.010096192359924316,0.002017497188710625,0.005739390850067139,0.003519415854902984,1000.0,100000,cyclic,"{'lasso__alpha': 1000.0, 'lasso__max_iter': 100000, 'lasso__selection': 'cyclic'}",-7.339061914511494,-8.990050097753652,-5.172423567036229,-39.474498504765336,-15.244008521016678,14.054835868388768,1,-17.68127426840237,-17.13622697775148,-18.41378770556213,-7.070186655529364,-15.075368901811336,4.643970868077787
19,0.010323882102966309,0.0008277350306433831,0.004593312740325928,0.0009613989431929391,1000.0,100000,random,"{'lasso__alpha': 1000.0, 'lasso__max_iter': 100000, 'lasso__selection': 'random'}",-7.339061914511494,-8.990050097753652,-5.172423567036229,-39.474498504765336,-15.244008521016678,14.054835868388768,1,-17.68127426840237,-17.13622697775148,-18.41378770556213,-7.070186655529364,-15.075368901811336,4.643970868077787
0,0.006313800811767578,0.0020945297768126428,0.0042879581451416016,0.0018048160141839365,1.0,100000,cyclic,"{'lasso__alpha': 1.0, 'lasso__max_iter': 100000, 'lasso__selection': 'cyclic'}",-8.027573482865325,-5.466964080230143,-6.387312351705069,-9.809330914899395,-7.422795207424983,1.6552046390166602,1,-7.213458346982248,-8.065927462485208,-7.759004578461538,-6.620954064761527,-7.414836113172631,0.5507207979444376
1,0.0064446330070495605,0.0010083833457354085,0.003476560115814209,0.0006514716098903521,1.0,100000,random,"{'lasso__alpha': 1.0, 'lasso__max_iter': 100000, 'lasso__selection': 'random'}",-8.027573482865325,-5.466964080230143,-6.387312351705069,-9.809330914899395,-7.422795207424983,1.6552046390166602,1,-7.213458346982248,-8.065927462485208,-7.759004578461538,-6.620954064761527,-7.414836113172631,0.5507207979444376
2,0.008537650108337402,0.0016578594477054092,0.003838479518890381,0.001448101294715713,2.154434690031884,100000,cyclic,"{'lasso__alpha': 2.154434690031884, 'lasso__max_iter': 100000, 'lasso__selection': 'cyclic'}",-8.027573482865325,-5.466964080230143,-6.387312351705069,-9.809330914899395,-7.422795207424983,1.6552046390166602,1,-7.213458346982248,-8.065927462485208,-7.759004578461538,-6.620954064761527,-7.414836113172631,0.5507207979444376
3,0.008096694946289062,0.0024698474922422438,0.004563033580780029,0.0011766096906471292,2.154434690031884,100000,random,"{'lasso__alpha': 2.154434690031884, 'lasso__max_iter': 100000, 'lasso__selection': 'random'}",-8.027573482865325,-5.466964080230143,-6.387312351705069,-9.809330914899395,-7.422795207424983,1.6552046390166602,1,-7.213458346982248,-8.065927462485208,-7.759004578461538,-6.620954064761527,-7.414836113172631,0.5507207979444376
4,0.010377347469329834,0.0023099978189820977,0.002475440502166748,0.0003155324820079171,4.641588833612778,100000,cyclic,"{'lasso__alpha': 4.641588833612778, 'lasso__max_iter': 100000, 'lasso__selection': 'cyclic'}",-8.027573482865325,-5.466964080230143,-6.387312351705069,-9.809330914899395,-7.422795207424983,1.6552046390166602,1,-7.213458346982248,-8.065927462485208,-7.759004578461538,-6.620954064761527,-7.414836113172631,0.5507207979444376
5,0.008518517017364502,0.003833877109832559,0.0037909746170043945,0.002082417044643665,4.641588833612778,100000,random,"{'lasso__alpha': 4.641588833612778, 'lasso__max_iter': 100000, 'lasso__selection': 'random'}",-8.027573482865325,-5.466964080230143,-6.387312351705069,-9.809330914899395,-7.422795207424983,1.6552046390166602,1,-7.213458346982248,-8.065927462485208,-7.759004578461538,-6.620954064761527,-7.414836113172631,0.5507207979444376
6,0.007575273513793945,0.0031588264289938535,0.005029916763305664,0.0019269910013129054,10.0,100000,cyclic,"{'lasso__alpha': 10.0, 'lasso__max_iter': 100000, 'lasso__selection': 'cyclic'}",-8.027573482865325,-5.466964080230143,-6.387312351705069,-9.809330914899395,-7.422795207424983,1.6552046390166602,1,-7.213458346982248,-8.065927462485208,-7.759004578461538,-6.620954064761527,-7.414836113172631,0.5507207979444376
7,0.007004857063293457,0.0024865746949309714,0.0032614469528198242,0.000986200382851464,10.0,100000,random,"{'lasso__alpha': 10.0, 'lasso__max_iter': 100000, 'lasso__selection': 'random'}",-8.027573482865325,-5.466964080230143,-6.387312351705069,-9.809330914899395,-7.422795207424983,1.6552046390166602,1,-7.213458346982248,-8.065927462485208,-7.759004578461538,-6.620954064761527,-7.414836113172631,0.5507207979444376
8,0.006160736083984375,0.0025433692852017027,0.0020088553428649902,0.00014294654031490832,21.544346900318832,100000,cyclic,"{'lasso__alpha': 21.544346900318832, 'lasso__max_iter': 100000, 'lasso__selection': 'cyclic'}",-8.027573482865325,-5.466964080230143,-6.387312351705069,-9.809330914899395,-7.422795207424983,1.6552046390166602,1,-7.213458346982248,-8.065927462485208,-7.759004578461538,-6.620954064761527,-7.414836113172631,0.5507207979444376
9,0.005689263343811035,0.002174513328561065,0.0023440122604370117,0.0004798829288622788,21.544346900318832,100000,random,"{'lasso__alpha': 21.544346900318832, 'lasso__max_iter': 100000, 'lasso__selection': 'random'}",-8.027573482865325,-5.466964080230143,-6.387312351705069,-9.809330914899395,-7.422795207424983,1.6552046390166602,1,-7.213458346982248,-8.065927462485208,-7.759004578461538,-6.620954064761527,-7.414836113172631,0.5507207979444376
10,0.00673288106918335,0.003190544280808565,0.002054750919342041,8.933865401038394e-05,46.41588833612777,100000,cyclic,"{'lasso__alpha': 46.41588833612777, 'lasso__max_iter': 100000, 'lasso__selection': 'cyclic'}",-8.027573482865325,-5.466964080230143,-6.387312351705069,-9.809330914899395,-7.422795207424983,1.6552046390166602,1,-7.213458346982248,-8.065927462485208,-7.759004578461538,-6.620954064761527,-7.414836113172631,0.5507207979444376
11,0.004809260368347168,0.0009018115940338137,0.002788245677947998,0.001233626069697924,46.41588833612777,100000,random,"{'lasso__alpha': 46.41588833612777, 'lasso__max_iter': 100000, 'lasso__selection': 'random'}",-8.027573482865325,-5.466964080230143,-6.387312351705069,-9.809330914899395,-7.422795207424983,1.6552046390166602,1,-7.213458346982248,-8.065927462485208,-7.759004578461538,-6.620954064761527,-7.414836113172631,0.5507207979444376
12,0.0070765018463134766,0.0038474516032814565,0.00467604398727417,0.00263580993457423,100.0,100000,cyclic,"{'lasso__alpha': 100.0, 'lasso__max_iter': 100000, 'lasso__selection': 'cyclic'}",-8.027573482865325,-5.466964080230143,-6.387312351705069,-9.809330914899395,-7.422795207424983,1.6552046390166602,1,-7.213458346982248,-8.065927462485208,-7.759004578461538,-6.620954064761527,-7.414836113172631,0.5507207979444376
13,0.007008075714111328,0.0032514716001023876,0.0024355053901672363,0.0008919120722369275,100.0,100000,random,"{'lasso__alpha': 100.0, 'lasso__max_iter': 100000, 'lasso__selection': 'random'}",-8.027573482865325,-5.466964080230143,-6.387312351705069,-9.809330914899395,-7.422795207424983,1.6552046390166602,1,-7.213458346982248,-8.065927462485208,-7.759004578461538,-6.620954064761527,-7.414836113172631,0.5507207979444376
14,0.004689216613769531,0.0006756511424015947,0.0034759044647216797,0.0013747124406174888,215.44346900318823,100000,cyclic,"{'lasso__alpha': 215.44346900318823, 'lasso__max_iter': 100000, 'lasso__selection': 'cyclic'}",-8.027573482865325,-5.466964080230143,-6.387312351705069,-9.809330914899395,-7.422795207424983,1.6552046390166602,1,-7.213458346982248,-8.065927462485208,-7.759004578461538,-6.620954064761527,-7.414836113172631,0.5507207979444376
15,0.007609188556671143,0.0039031539167155606,0.0037099719047546387,0.002095523814233911,215.44346900318823,100000,random,"{'lasso__alpha': 215.44346900318823, 'lasso__max_iter': 100000, 'lasso__selection': 'random'}",-8.027573482865325,-5.466964080230143,-6.387312351705069,-9.809330914899395,-7.422795207424983,1.6552046390166602,1,-7.213458346982248,-8.065927462485208,-7.759004578461538,-6.620954064761527,-7.414836113172631,0.5507207979444376
16,0.00626528263092041,0.0036253630937341822,0.00218123197555542,0.0003730708902138896,464.15888336127773,100000,cyclic,"{'lasso__alpha': 464.15888336127773, 'lasso__max_iter': 100000, 'lasso__selection': 'cyclic'}",-8.027573482865325,-5.466964080230143,-6.387312351705069,-9.809330914899395,-7.422795207424983,1.6552046390166602,1,-7.213458346982248,-8.065927462485208,-7.759004578461538,-6.620954064761527,-7.414836113172631,0.5507207979444376
17,0.005684256553649902,0.0025140522571994077,0.0037090182304382324,0.001469313868653814,464.15888336127773,100000,random,"{'lasso__alpha': 464.15888336127773, 'lasso__max_iter': 100000, 'lasso__selection': 'random'}",-8.027573482865325,-5.466964080230143,-6.387312351705069,-9.809330914899395,-7.422795207424983,1.6552046390166602,1,-7.213458346982248,-8.065927462485208,-7.759004578461538,-6.620954064761527,-7.414836113172631,0.5507207979444376
18,0.006375670433044434,0.002774061224154444,0.002739548683166504,0.0013917353011436066,1000.0,100000,cyclic,"{'lasso__alpha': 1000.0, 'lasso__max_iter': 100000, 'lasso__selection': 'cyclic'}",-8.027573482865325,-5.466964080230143,-6.387312351705069,-9.809330914899395,-7.422795207424983,1.6552046390166602,1,-7.213458346982248,-8.065927462485208,-7.759004578461538,-6.620954064761527,-7.414836113172631,0.5507207979444376
19,0.005436241626739502,0.0024880141628102126,0.002094566822052002,0.00016140271971463058,1000.0,100000,random,"{'lasso__alpha': 1000.0, 'lasso__max_iter': 100000, 'lasso__selection': 'random'}",-8.027573482865325,-5.466964080230143,-6.387312351705069,-9.809330914899395,-7.422795207424983,1.6552046390166602,1,-7.213458346982248,-8.065927462485208,-7.759004578461538,-6.620954064761527,-7.414836113172631,0.5507207979444376
0,0.0046326518058776855,0.0015001750218088434,0.0018168091773986816,4.66677724630671e-05,1.0,100000,cyclic,"{'lasso__alpha': 1.0, 'lasso__max_iter': 100000, 'lasso__selection': 'cyclic'}",-5.4785675823717686,-40.485760043846994,-5.403656851347859,-7.8245415018061415,-14.79813149484319,14.862668360766332,1,-17.836566029822485,-6.172714840236686,-17.8497346956213,-17.024662034775755,-14.720919400114056,4.946609202243489
1,0.005573689937591553,0.0020191501282103472,0.0021674633026123047,0.00023875742913207453,1.0,100000,random,"{'lasso__alpha': 1.0, 'lasso__max_iter': 100000, 'lasso__selection': 'random'}",-5.4785675823717686,-40.485760043846994,-5.403656851347859,-7.8245415018061415,-14.79813149484319,14.862668360766332,1,-17.836566029822485,-6.172714840236686,-17.8497346956213,-17.024662034775755,-14.720919400114056,4.946609202243489
2,0.005233466625213623,0.00044647822298220387,0.0019522905349731445,6.748267204290764e-05,2.154434690031884,100000,cyclic,"{'lasso__alpha': 2.154434690031884, 'lasso__max_iter': 100000, 'lasso__selection': 'cyclic'}",-5.4785675823717686,-40.485760043846994,-5.403656851347859,-7.8245415018061415,-14.79813149484319,14.862668360766332,1,-17.836566029822485,-6.172714840236686,-17.8497346956213,-17.024662034775755,-14.720919400114056,4.946609202243489
3,0.005209684371948242,0.0014526230845930983,0.001944422721862793,0.00010445407466363352,2.154434690031884,100000,random,"{'lasso__alpha': 2.154434690031884, 'lasso__max_iter': 100000, 'lasso__selection': 'random'}",-5.4785675823717686,-40.485760043846994,-5.403656851347859,-7.8245415018061415,-14.79813149484319,14.862668360766332,1,-17.836566029822485,-6.172714840236686,-17.8497346956213,-17.024662034775755,-14.720919400114056,4.946609202243489
4,0.004075825214385986,0.00030771888902836667,0.0018816590309143066,3.1768940177706316e-05,4.641588833612778,100000,cyclic,"{'lasso__alpha': 4.641588833612778, 'lasso__max_iter': 100000, 'lasso__selection': 'cyclic'}",-5.4785675823717686,-40.485760043846994,-5.403656851347859,-7.8245415018061415,-14.79813149484319,14.862668360766332,1,-17.836566029822485,-6.172714840236686,-17.8497346956213,-17.024662034775755,-14.720919400114056,4.946609202243489
5,0.006309032440185547,0.002438557016247585,0.0028264522552490234,0.0012468283837727238,4.641588833612778,100000,random,"{'lasso__alpha': 4.641588833612778, 'lasso__max_iter': 100000, 'lasso__selection': 'random'}",-5.4785675823717686,-40.485760043846994,-5.403656851347859,-7.8245415018061415,-14.79813149484319,14.862668360766332,1,-17.836566029822485,-6.172714840236686,-17.8497346956213,-17.024662034775755,-14.720919400114056,4.946609202243489
6,0.006100714206695557,0.0027126347767109584,0.0023302435874938965,0.0006429062837278897,10.0,100000,cyclic,"{'lasso__alpha': 10.0, 'lasso__max_iter': 100000, 'lasso__selection': 'cyclic'}",-5.4785675823717686,-40.485760043846994,-5.403656851347859,-7.8245415018061415,-14.79813149484319,14.862668360766332,1,-17.836566029822485,-6.172714840236686,-17.8497346956213,-17.024662034775755,-14.720919400114056,4.946609202243489
7,0.006749093532562256,0.0030152131864099084,0.001877903938293457,8.681145902640013e-05,10.0,100000,random,"{'lasso__alpha': 10.0, 'lasso__max_iter': 100000, 'lasso__selection': 'random'}",-5.4785675823717686,-40.485760043846994,-5.403656851347859,-7.8245415018061415,-14.79813149484319,14.862668360766332,1,-17.836566029822485,-6.172714840236686,-17.8497346956213,-17.024662034775755,-14.720919400114056,4.946609202243489
8,0.007382750511169434,0.0032021782458909014,0.003057241439819336,0.0012491806816131265,21.544346900318832,100000,cyclic,"{'lasso__alpha': 21.544346900318832, 'lasso__max_iter': 100000, 'lasso__selection': 'cyclic'}",-5.4785675823717686,-40.485760043846994,-5.403656851347859,-7.8245415018061415,-14.79813149484319,14.862668360766332,1,-17.836566029822485,-6.172714840236686,-17.8497346956213,-17.024662034775755,-14.720919400114056,4.946609202243489
9,0.006572723388671875,0.003906797684780556,0.0038077831268310547,0.0025043446465623427,21.544346900318832,100000,random,"{'lasso__alpha': 21.544346900318832, 'lasso__max_iter': 100000, 'lasso__selection': 'random'}",-5.4785675823717686,-40.485760043846994,-5.403656851347859,-7.8245415018061415,-14.79813149484319,14.862668360766332,1,-17.836566029822485,-6.172714840236686,-17.8497346956213,-17.024662034775755,-14.720919400114056,4.946609202243489
10,0.010256767272949219,0.005322794665011297,0.0039421916007995605,0.002081209033138424,46.41588833612777,100000,cyclic,"{'lasso__alpha': 46.41588833612777, 'lasso__max_iter': 100000, 'lasso__selection': 'cyclic'}",-5.4785675823717686,-40.485760043846994,-5.403656851347859,-7.8245415018061415,-14.79813149484319,14.862668360766332,1,-17.836566029822485,-6.172714840236686,-17.8497346956213,-17.024662034775755,-14.720919400114056,4.946609202243489
11,0.008720934391021729,0.0022298162480817976,0.00343930721282959,0.0014982672578153931,46.41588833612777,100000,random,"{'lasso__alpha': 46.41588833612777, 'lasso__max_iter': 100000, 'lasso__selection': 'random'}",-5.4785675823717686,-40.485760043846994,-5.403656851347859,-7.8245415018061415,-14.79813149484319,14.862668360766332,1,-17.836566029822485,-6.172714840236686,-17.8497346956213,-17.024662034775755,-14.720919400114056,4.946609202243489
12,0.006346702575683594,0.0022432455244523145,0.004196226596832275,0.0009617283649116854,100.0,100000,cyclic,"{'lasso__alpha': 100.0, 'lasso__max_iter': 100000, 'lasso__selection': 'cyclic'}",-5.4785675823717686,-40.485760043846994,-5.403656851347859,-7.8245415018061415,-14.79813149484319,14.862668360766332,1,-17.836566029822485,-6.172714840236686,-17.8497346956213,-17.024662034775755,-14.720919400114056,4.946609202243489
13,0.00978928804397583,0.003210796333012366,0.006676375865936279,0.002243326986507996,100.0,100000,random,"{'lasso__alpha': 100.0, 'lasso__max_iter': 100000, 'lasso__selection': 'random'}",-5.4785675823717686,-40.485760043846994,-5.403656851347859,-7.8245415018061415,-14.79813149484319,14.862668360766332,1,-17.836566029822485,-6.172714840236686,-17.8497346956213,-17.024662034775755,-14.720919400114056,4.946609202243489
14,0.009441733360290527,0.003004312721020392,0.006830692291259766,0.00046553829953159884,215.44346900318823,100000,cyclic,"{'lasso__alpha': 215.44346900318823, 'lasso__max_iter': 100000, 'lasso__selection': 'cyclic'}",-5.4785675823717686,-40.485760043846994,-5.403656851347859,-7.8245415018061415,-14.79813149484319,14.862668360766332,1,-17.836566029822485,-6.172714840236686,-17.8497346956213,-17.024662034775755,-14.720919400114056,4.946609202243489
15,0.0077970027923583984,0.0028967722698181237,0.004572749137878418,0.0018820366864033557,215.44346900318823,100000,random,"{'lasso__alpha': 215.44346900318823, 'lasso__max_iter': 100000, 'lasso__selection': 'random'}",-5.4785675823717686,-40.485760043846994,-5.403656851347859,-7.8245415018061415,-14.79813149484319,14.862668360766332,1,-17.836566029822485,-6.172714840236686,-17.8497346956213,-17.024662034775755,-14.720919400114056,4.946609202243489
16,0.00951683521270752,0.0020230714631077045,0.004996895790100098,0.0017918435869249808,464.15888336127773,100000,cyclic,"{'lasso__alpha': 464.15888336127773, 'lasso__max_iter': 100000, 'lasso__selection': 'cyclic'}",-5.4785675823717686,-40.485760043846994,-5.403656851347859,-7.8245415018061415,-14.79813149484319,14.862668360766332,1,-17.836566029822485,-6.172714840236686,-17.8497346956213,-17.024662034775755,-14.720919400114056,4.946609202243489
17,0.011297285556793213,0.001975298268685631,0.0032179951667785645,0.0011087011043702498,464.15888336127773,100000,random,"{'lasso__alpha': 464.15888336127773, 'lasso__max_iter': 100000, 'lasso__selection': 'random'}",-5.4785675823717686,-40.485760043846994,-5.403656851347859,-7.8245415018061415,-14.79813149484319,14.862668360766332,1,-17.836566029822485,-6.172714840236686,-17.8497346956213,-17.024662034775755,-14.720919400114056,4.946609202243489
18,0.009664058685302734,0.0035700466652959194,0.004537224769592285,0.001598408587174774,1000.0,100000,cyclic,"{'lasso__alpha': 1000.0, 'lasso__max_iter': 100000, 'lasso__selection': 'cyclic'}",-5.4785675823717686,-40.485760043846994,-5.403656851347859,-7.8245415018061415,-14.79813149484319,14.862668360766332,1,-17.836566029822485,-6.172714840236686,-17.8497346956213,-17.024662034775755,-14.720919400114056,4.946609202243489
19,0.008462131023406982,0.0019363733005330322,0.0054152607917785645,0.0016984176542883952,1000.0,100000,random,"{'lasso__alpha': 1000.0, 'lasso__max_iter': 100000, 'lasso__selection': 'random'}",-5.4785675823717686,-40.485760043846994,-5.403656851347859,-7.8245415018061415,-14.79813149484319,14.862668360766332,1,-17.836566029822485,-6.172714840236686,-17.8497346956213,-17.024662034775755,-14.720919400114056,4.946609202243489
0,0.006663143634796143,0.002653845232869895,0.003814995288848877,0.0022139207092475546,1.0,100000,cyclic,"{'lasso__alpha': 1.0, 'lasso__max_iter': 100000, 'lasso__selection': 'cyclic'}",-4.999101103255258,-7.930427303462496,-9.094476123940769,-38.24640156257497,-15.067601523308372,13.465223307189504,1,-18.34144516544379,-17.364598061301777,-16.97809408378698,-7.3106722320145545,-14.998702385636776,4.4664076946074
1,0.009242236614227295,0.0033227874894448776,0.0033100247383117676,0.0011425933535424769,1.0,100000,random,"{'lasso__alpha': 1.0, 'lasso__max_iter': 100000, 'lasso__selection': 'random'}",-4.999101103255258,-7.930427303462496,-9.094476123940769,-38.24640156257497,-15.067601523308372,13.465223307189504,1,-18.34144516544379,-17.364598061301777,-16.97809408378698,-7.3106722320145545,-14.998702385636776,4.4664076946074
2,0.007893919944763184,0.0024240940184892734,0.005157649517059326,0.0025492033815004843,2.154434690031884,100000,cyclic,"{'lasso__alpha': 2.154434690031884, 'lasso__max_iter': 100000, 'lasso__selection': 'cyclic'}",-4.999101103255258,-7.930427303462496,-9.094476123940769,-38.24640156257497,-15.067601523308372,13.465223307189504,1,-18.34144516544379,-17.364598061301777,-16.97809408378698,-7.3106722320145545,-14.998702385636776,4.4664076946074
3,0.008695363998413086,0.0017066759215666608,0.0027280449867248535,0.001429454585647126,2.154434690031884,100000,random,"{'lasso__alpha': 2.154434690031884, 'lasso__max_iter': 100000, 'lasso__selection': 'random'}",-4.999101103255258,-7.930427303462496,-9.094476123940769,-38.24640156257497,-15.067601523308372,13.465223307189504,1,-18.34144516544379,-17.364598061301777,-16.97809408378698,-7.3106722320145545,-14.998702385636776,4.4664076946074
4,0.004187226295471191,0.00032325411790045164,0.002183258533477783,0.00029623512650879037,4.641588833612778,100000,cyclic,"{'lasso__alpha': 4.641588833612778, 'lasso__max_iter': 100000, 'lasso__selection': 'cyclic'}",-4.999101103255258,-7.930427303462496,-9.094476123940769,-38.24640156257497,-15.067601523308372,13.465223307189504,1,-18.34144516544379,-17.364598061301777,-16.97809408378698,-7.3106722320145545,-14.998702385636776,4.4664076946074
5,0.007193028926849365,0.003885761729391127,0.0031104087829589844,0.0016169213622962513,4.641588833612778,100000,random,"{'lasso__alpha': 4.641588833612778, 'lasso__max_iter': 100000, 'lasso__selection': 'random'}",-4.999101103255258,-7.930427303462496,-9.094476123940769,-38.24640156257497,-15.067601523308372,13.465223307189504,1,-18.34144516544379,-17.364598061301777,-16.97809408378698,-7.3106722320145545,-14.998702385636776,4.4664076946074
6,0.004947960376739502,0.0006661413046787726,0.0027362704277038574,0.0012394394138049685,10.0,100000,cyclic,"{'lasso__alpha': 10.0, 'lasso__max_iter': 100000, 'lasso__selection': 'cyclic'}",-4.999101103255258,-7.930427303462496,-9.094476123940769,-38.24640156257497,-15.067601523308372,13.465223307189504,1,-18.34144516544379,-17.364598061301777,-16.97809408378698,-7.3106722320145545,-14.998702385636776,4.4664076946074
7,0.006200194358825684,0.0022088008751499073,0.0032985806465148926,0.001220260111960765,10.0,100000,random,"{'lasso__alpha': 10.0, 'lasso__max_iter': 100000, 'lasso__selection': 'random'}",-4.999101103255258,-7.930427303462496,-9.094476123940769,-38.24640156257497,-15.067601523308372,13.465223307189504,1,-18.34144516544379,-17.364598061301777,-16.97809408378698,-7.3106722320145545,-14.998702385636776,4.4664076946074
8,0.004953265190124512,0.001479618407376534,0.0028463006019592285,0.0008567460487039324,21.544346900318832,100000,cyclic,"{'lasso__alpha': 21.544346900318832, 'lasso__max_iter': 100000, 'lasso__selection': 'cyclic'}",-4.999101103255258,-7.930427303462496,-9.094476123940769,-38.24640156257497,-15.067601523308372,13.465223307189504,1,-18.34144516544379,-17.364598061301777,-16.97809408378698,-7.3106722320145545,-14.998702385636776,4.4664076946074
9,0.005423069000244141,0.0017971553241086483,0.003165900707244873,0.0021490032998385013,21.544346900318832,100000,random,"{'lasso__alpha': 21.544346900318832, 'lasso__max_iter': 100000, 'lasso__selection': 'random'}",-4.999101103255258,-7.930427303462496,-9.094476123940769,-38.24640156257497,-15.067601523308372,13.465223307189504,1,-18.34144516544379,-17.364598061301777,-16.97809408378698,-7.3106722320145545,-14.998702385636776,4.4664076946074
10,0.00494307279586792,0.0011073308283418588,0.00263899564743042,0.001177747086918005,46.41588833612777,100000,cyclic,"{'lasso__alpha': 46.41588833612777, 'lasso__max_iter': 100000, 'lasso__selection': 'cyclic'}",-4.999101103255258,-7.930427303462496,-9.094476123940769,-38.24640156257497,-15.067601523308372,13.465223307189504,1,-18.34144516544379,-17.364598061301777,-16.97809408378698,-7.3106722320145545,-14.998702385636776,4.4664076946074
11,0.006688714027404785,0.004181541327076045,0.0019826292991638184,9.486563737146128e-05,46.41588833612777,100000,random,"{'lasso__alpha': 46.41588833612777, 'lasso__max_iter': 100000, 'lasso__selection': 'random'}",-4.999101103255258,-7.930427303462496,-9.094476123940769,-38.24640156257497,-15.067601523308372,13.465223307189504,1,-18.34144516544379,-17.364598061301777,-16.97809408378698,-7.3106722320145545,-14.998702385636776,4.4664076946074
12,0.0071489810943603516,0.0027487089951975787,0.0031270384788513184,0.002100546109409698,100.0,100000,cyclic,"{'lasso__alpha': 100.0, 'lasso__max_iter': 100000, 'lasso__selection': 'cyclic'}",-4.999101103255258,-7.930427303462496,-9.094476123940769,-38.24640156257497,-15.067601523308372,13.465223307189504,1,-18.34144516544379,-17.364598061301777,-16.97809408378698,-7.3106722320145545,-14.998702385636776,4.4664076946074
13,0.007568955421447754,0.0031275661353407937,0.0023052096366882324,0.0005276996399234606,100.0,100000,random,"{'lasso__alpha': 100.0, 'lasso__max_iter': 100000, 'lasso__selection': 'random'}",-4.999101103255258,-7.930427303462496,-9.094476123940769,-38.24640156257497,-15.067601523308372,13.465223307189504,1,-18.34144516544379,-17.364598061301777,-16.97809408378698,-7.3106722320145545,-14.998702385636776,4.4664076946074
14,0.004475712776184082,0.0007364448019881301,0.0023493170738220215,0.0007470988053257031,215.44346900318823,100000,cyclic,"{'lasso__alpha': 215.44346900318823, 'lasso__max_iter': 100000, 'lasso__selection': 'cyclic'}",-4.999101103255258,-7.930427303462496,-9.094476123940769,-38.24640156257497,-15.067601523308372,13.465223307189504,1,-18.34144516544379,-17.364598061301777,-16.97809408378698,-7.3106722320145545,-14.998702385636776,4.4664076946074
15,0.0038105249404907227,0.00015904015973927971,0.002541780471801758,0.0011329839399604417,215.44346900318823,100000,random,"{'lasso__alpha': 215.44346900318823, 'lasso__max_iter': 100000, 'lasso__selection': 'random'}",-4.999101103255258,-7.930427303462496,-9.094476123940769,-38.24640156257497,-15.067601523308372,13.465223307189504,1,-18.34144516544379,-17.364598061301777,-16.97809408378698,-7.3106722320145545,-14.998702385636776,4.4664076946074
16,0.005541682243347168,0.002655197794008949,0.0025448203086853027,0.0011797069511841796,464.15888336127773,100000,cyclic,"{'lasso__alpha': 464.15888336127773, 'lasso__max_iter': 100000, 'lasso__selection': 'cyclic'}",-4.999101103255258,-7.930427303462496,-9.094476123940769,-38.24640156257497,-15.067601523308372,13.465223307189504,1,-18.34144516544379,-17.364598061301777,-16.97809408378698,-7.3106722320145545,-14.998702385636776,4.4664076946074
17,0.006997466087341309,0.003870604564654906,0.0027922987937927246,0.0015648906828890415,464.15888336127773,100000,random,"{'lasso__alpha': 464.15888336127773, 'lasso__max_iter': 100000, 'lasso__selection': 'random'}",-4.999101103255258,-7.930427303462496,-9.094476123940769,-38.24640156257497,-15.067601523308372,13.465223307189504,1,-18.34144516544379,-17.364598061301777,-16.97809408378698,-7.3106722320145545,-14.998702385636776,4.4664076946074
18,0.005969583988189697,0.003312430835089428,0.0025052428245544434,0.001110939471544526,1000.0,100000,cyclic,"{'lasso__alpha': 1000.0, 'lasso__max_iter': 100000, 'lasso__selection': 'cyclic'}",-4.999101103255258,-7.930427303462496,-9.094476123940769,-38.24640156257497,-15.067601523308372,13.465223307189504,1,-18.34144516544379,-17.364598061301777,-16.97809408378698,-7.3106722320145545,-14.998702385636776,4.4664076946074
19,0.005688786506652832,0.003669035569103068,0.002657651901245117,0.0014968291988462115,1000.0,100000,random,"{'lasso__alpha': 1000.0, 'lasso__max_iter': 100000, 'lasso__selection': 'random'}",-4.999101103255258,-7.930427303462496,-9.094476123940769,-38.24640156257497,-15.067601523308372,13.465223307189504,1,-18.34144516544379,-17.364598061301777,-16.97809408378698,-7.3106722320145545,-14.998702385636776,4.4664076946074
0,0.007328450679779053,0.0031716151327098375,0.0021375417709350586,0.00010679775228024962,1.0,100000,cyclic,"{'lasso__alpha': 1.0, 'lasso__max_iter': 100000, 'lasso__selection': 'cyclic'}",-4.999101103255258,-7.930427303462496,-9.094476123940769,-38.24640156257497,-15.067601523308372,13.465223307189504,1,-18.34144516544379,-17.364598061301777,-16.97809408378698,-7.3106722320145545,-14.998702385636776,4.4664076946074
1,0.0047116875648498535,0.0008849552554825821,0.0021907687187194824,0.0005453777019883799,1.0,100000,random,"{'lasso__alpha': 1.0, 'lasso__max_iter': 100000, 'lasso__selection': 'random'}",-4.999101103255258,-7.930427303462496,-9.094476123940769,-38.24640156257497,-15.067601523308372,13.465223307189504,1,-18.34144516544379,-17.364598061301777,-16.97809408378698,-7.3106722320145545,-14.998702385636776,4.4664076946074
2,0.005782783031463623,0.001981704052797993,0.0020035505294799805,0.00013975096746166014,2.154434690031884,100000,cyclic,"{'lasso__alpha': 2.154434690031884, 'lasso__max_iter': 100000, 'lasso__selection': 'cyclic'}",-4.999101103255258,-7.930427303462496,-9.094476123940769,-38.24640156257497,-15.067601523308372,13.465223307189504,1,-18.34144516544379,-17.364598061301777,-16.97809408378698,-7.3106722320145545,-14.998702385636776,4.4664076946074
3,0.006656289100646973,0.002346412059728305,0.00218963623046875,0.00038463360813547254,2.154434690031884,100000,random,"{'lasso__alpha': 2.154434690031884, 'lasso__max_iter': 100000, 'lasso__selection': 'random'}",-4.999101103255258,-7.930427303462496,-9.094476123940769,-38.24640156257497,-15.067601523308372,13.465223307189504,1,-18.34144516544379,-17.364598061301777,-16.97809408378698,-7.3106722320145545,-14.998702385636776,4.4664076946074
4,0.004231572151184082,0.0003174444000802925,0.003074944019317627,0.002126638145365989,4.641588833612778,100000,cyclic,"{'lasso__alpha': 4.641588833612778, 'lasso__max_iter': 100000, 'lasso__selection': 'cyclic'}",-4.999101103255258,-7.930427303462496,-9.094476123940769,-38.24640156257497,-15.067601523308372,13.465223307189504,1,-18.34144516544379,-17.364598061301777,-16.97809408378698,-7.3106722320145545,-14.998702385636776,4.4664076946074
5,0.005318284034729004,0.0025947877608005284,0.002290487289428711,0.000600509220506199,4.641588833612778,100000,random,"{'lasso__alpha': 4.641588833612778, 'lasso__max_iter': 100000, 'lasso__selection': 'random'}",-4.999101103255258,-7.930427303462496,-9.094476123940769,-38.24640156257497,-15.067601523308372,13.465223307189504,1,-18.34144516544379,-17.364598061301777,-16.97809408378698,-7.3106722320145545,-14.998702385636776,4.4664076946074
6,0.00629734992980957,0.004078913795927126,0.00209122896194458,0.000339465166003625,10.0,100000,cyclic,"{'lasso__alpha': 10.0, 'lasso__max_iter': 100000, 'lasso__selection': 'cyclic'}",-4.999101103255258,-7.930427303462496,-9.094476123940769,-38.24640156257497,-15.067601523308372,13.465223307189504,1,-18.34144516544379,-17.364598061301777,-16.97809408378698,-7.3106722320145545,-14.998702385636776,4.4664076946074
7,0.005677282810211182,0.0033866670810949176,0.002256929874420166,0.000577871316222051,10.0,100000,random,"{'lasso__alpha': 10.0, 'lasso__max_iter': 100000, 'lasso__selection': 'random'}",-4.999101103255258,-7.930427303462496,-9.094476123940769,-38.24640156257497,-15.067601523308372,13.465223307189504,1,-18.34144516544379,-17.364598061301777,-16.97809408378698,-7.3106722320145545,-14.998702385636776,4.4664076946074
8,0.006053805351257324,0.0027724861322410825,0.00190049409866333,0.00016307276364641547,21.544346900318832,100000,cyclic,"{'lasso__alpha': 21.544346900318832, 'lasso__max_iter': 100000, 'lasso__selection': 'cyclic'}",-4.999101103255258,-7.930427303462496,-9.094476123940769,-38.24640156257497,-15.067601523308372,13.465223307189504,1,-18.34144516544379,-17.364598061301777,-16.97809408378698,-7.3106722320145545,-14.998702385636776,4.4664076946074
9,0.0037336349487304688,0.00013450305480459932,0.0018416643142700195,0.00012011570843328346,21.544346900318832,100000,random,"{'lasso__alpha': 21.544346900318832, 'lasso__max_iter': 100000, 'lasso__selection': 'random'}",-4.999101103255258,-7.930427303462496,-9.094476123940769,-38.24640156257497,-15.067601523308372,13.465223307189504,1,-18.34144516544379,-17.364598061301777,-16.97809408378698,-7.3106722320145545,-14.998702385636776,4.4664076946074
10,0.003953456878662109,0.0004334723521128927,0.0018872618675231934,8.616817784518041e-05,46.41588833612777,100000,cyclic,"{'lasso__alpha': 46.41588833612777, 'lasso__max_iter': 100000, 'lasso__selection': 'cyclic'}",-4.999101103255258,-7.930427303462496,-9.094476123940769,-38.24640156257497,-15.067601523308372,13.465223307189504,1,-18.34144516544379,-17.364598061301777,-16.97809408378698,-7.3106722320145545,-14.998702385636776,4.4664076946074
11,0.005626082420349121,0.0026422544980342325,0.0018628835678100586,5.35499221486446e-05,46.41588833612777,100000,random,"{'lasso__alpha': 46.41588833612777, 'lasso__max_iter': 100000, 'lasso__selection': 'random'}",-4.999101103255258,-7.930427303462496,-9.094476123940769,-38.24640156257497,-15.067601523308372,13.465223307189504,1,-18.34144516544379,-17.364598061301777,-16.97809408378698,-7.3106722320145545,-14.998702385636776,4.4664076946074
12,0.006373345851898193,0.002426036363764742,0.0020980238914489746,0.000444364115837058,100.0,100000,cyclic,"{'lasso__alpha': 100.0, 'lasso__max_iter': 100000, 'lasso__selection': 'cyclic'}",-4.999101103255258,-7.930427303462496,-9.094476123940769,-38.24640156257497,-15.067601523308372,13.465223307189504,1,-18.34144516544379,-17.364598061301777,-16.97809408378698,-7.3106722320145545,-14.998702385636776,4.4664076946074
13,0.008118808269500732,0.004376288461497168,0.002301454544067383,0.0006617249786826184,100.0,100000,random,"{'lasso__alpha': 100.0, 'lasso__max_iter': 100000, 'lasso__selection': 'random'}",-4.999101103255258,-7.930427303462496,-9.094476123940769,-38.24640156257497,-15.067601523308372,13.465223307189504,1,-18.34144516544379,-17.364598061301777,-16.97809408378698,-7.3106722320145545,-14.998702385636776,4.4664076946074
14,0.006350278854370117,0.0027273255097973294,0.003310263156890869,0.0025331936127970895,215.44346900318823,100000,cyclic,"{'lasso__alpha': 215.44346900318823, 'lasso__max_iter': 100000, 'lasso__selection': 'cyclic'}",-4.999101103255258,-7.930427303462496,-9.094476123940769,-38.24640156257497,-15.067601523308372,13.465223307189504,1,-18.34144516544379,-17.364598061301777,-16.97809408378698,-7.3106722320145545,-14.998702385636776,4.4664076946074
15,0.006266176700592041,0.0025852809451156287,0.002251267433166504,0.00047517865062352086,215.44346900318823,100000,random,"{'lasso__alpha': 215.44346900318823, 'lasso__max_iter': 100000, 'lasso__selection': 'random'}",-4.999101103255258,-7.930427303462496,-9.094476123940769,-38.24640156257497,-15.067601523308372,13.465223307189504,1,-18.34144516544379,-17.364598061301777,-16.97809408378698,-7.3106722320145545,-14.998702385636776,4.4664076946074
16,0.004682958126068115,0.000986980487621058,0.003352224826812744,0.0016035779681645795,464.15888336127773,100000,cyclic,"{'lasso__alpha': 464.15888336127773, 'lasso__max_iter': 100000, 'lasso__selection': 'cyclic'}",-4.999101103255258,-7.930427303462496,-9.094476123940769,-38.24640156257497,-15.067601523308372,13.465223307189504,1,-18.34144516544379,-17.364598061301777,-16.97809408378698,-7.3106722320145545,-14.998702385636776,4.4664076946074
17,0.005981624126434326,0.002261882421489538,0.0025832056999206543,0.001114311247591158,464.15888336127773,100000,random,"{'lasso__alpha': 464.15888336127773, 'lasso__max_iter': 100000, 'lasso__selection': 'random'}",-4.999101103255258,-7.930427303462496,-9.094476123940769,-38.24640156257497,-15.067601523308372,13.465223307189504,1,-18.34144516544379,-17.364598061301777,-16.97809408378698,-7.3106722320145545,-14.998702385636776,4.4664076946074
18,0.0051531195640563965,0.0025480649727007017,0.002943277359008789,0.00125299726853221,1000.0,100000,cyclic,"{'lasso__alpha': 1000.0, 'lasso__max_iter': 100000, 'lasso__selection': 'cyclic'}",-4.999101103255258,-7.930427303462496,-9.094476123940769,-38.24640156257497,-15.067601523308372,13.465223307189504,1,-18.34144516544379,-17.364598061301777,-16.97809408378698,-7.3106722320145545,-14.998702385636776,4.4664076946074
19,0.005307674407958984,0.0025212344037597455,0.002340555191040039,0.0008600326083873176,1000.0,100000,random,"{'lasso__alpha': 1000.0, 'lasso__max_iter': 100000, 'lasso__selection': 'random'}",-4.999101103255258,-7.930427303462496,-9.094476123940769,-38.24640156257497,-15.067601523308372,13.465223307189504,1,-18.34144516544379,-17.364598061301777,-16.97809408378698,-7.3106722320145545,-14.998702385636776,4.4664076946074
